"ID","Class"
6284,"H"
6285,"E"
6286,"A"
6287,"D"
6288,"S"
6289,"E"
6290,"O"
6291,"A"
6292,"B"
6293,"H"
6294,"N"
6295,"e"
6296,"H"
6297,"H"
6298,"e"
6299,"E"
6300,"A"
6301,"R"
6302,"A"
6303,"S"
6304,"R"
6305,"r"
6306,"A"
6307,"a"
6308,"R"
6309,"S"
6310,"r"
6311,"O"
6312,"n"
6313,"r"
6314,"A"
6315,"W"
6316,"e"
6317,"U"
6318,"A"
6319,"A"
6320,"L"
6321,"n"
6322,"o"
6323,"I"
6324,"W"
6325,"I"
6326,"A"
6327,"A"
6328,"R"
6329,"l"
6330,"O"
6331,"A"
6332,"I"
6333,"v"
6334,"e"
6335,"E"
6336,"i"
6337,"I"
6338,"N"
6339,"A"
6340,"O"
6341,"S"
6342,"E"
6343,"R"
6344,"D"
6345,"r"
6346,"E"
6347,"0"
6348,"l"
6349,"E"
6350,"C"
6351,"p"
6352,"E"
6353,"I"
6354,"D"
6355,"E"
6356,"D"
6357,"A"
6358,"r"
6359,"N"
6360,"A"
6361,"N"
6362,"I"
6363,"R"
6364,"A"
6365,"M"
6366,"E"
6367,"A"
6368,"R"
6369,"I"
6370,"T"
6371,"A"
6372,"N"
6373,"R"
6374,"T"
6375,"E"
6376,"L"
6377,"A"
6378,"e"
6379,"S"
6380,"T"
6381,"M"
6382,"O"
6383,"E"
6384,"R"
6385,"e"
6386,"A"
6387,"A"
6388,"n"
6389,"O"
6390,"A"
6391,"E"
6392,"T"
6393,"G"
6394,"A"
6395,"P"
6396,"L"
6397,"T"
6398,"S"
6399,"A"
6400,"I"
6401,"S"
6402,"C"
6403,"E"
6404,"N"
6405,"V"
6406,"A"
6407,"N"
6408,"I"
6409,"S"
6410,"N"
6411,"C"
6412,"2"
6413,"O"
6414,"R"
6415,"A"
6416,"N"
6417,"D"
6418,"P"
6419,"N"
6420,"E"
6421,"w"
6422,"O"
6423,"N"
6424,"S"
6425,"L"
6426,"S"
6427,"A"
6428,"o"
6429,"D"
6430,"S"
6431,"3"
6432,"O"
6433,"S"
6434,"S"
6435,"0"
6436,"I"
6437,"T"
6438,"C"
6439,"o"
6440,"A"
6441,"R"
6442,"E"
6443,"n"
6444,"s"
6445,"I"
6446,"E"
6447,"I"
6448,"N"
6449,"A"
6450,"I"
6451,"L"
6452,"e"
6453,"E"
6454,"R"
6455,"E"
6456,"R"
6457,"e"
6458,"I"
6459,"T"
6460,"O"
6461,"N"
6462,"A"
6463,"t"
6464,"o"
6465,"C"
6466,"H"
6467,"C"
6468,"A"
6469,"A"
6470,"u"
6471,"H"
6472,"A"
6473,"A"
6474,"E"
6475,"N"
6476,"A"
6477,"T"
6478,"N"
6479,"A"
6480,"Y"
6481,"T"
6482,"e"
6483,"T"
6484,"R"
6485,"H"
6486,"0"
6487,"E"
6488,"A"
6489,"P"
6490,"C"
6491,"O"
6492,"P"
6493,"A"
6494,"V"
6495,"R"
6496,"O"
6497,"E"
6498,"P"
6499,"U"
6500,"e"
6501,"t"
6502,"O"
6503,"O"
6504,"A"
6505,"E"
6506,"H"
6507,"I"
6508,"e"
6509,"E"
6510,"H"
6511,"0"
6512,"A"
6513,"I"
6514,"M"
6515,"A"
6516,"N"
6517,"S"
6518,"A"
6519,"N"
6520,"O"
6521,"e"
6522,"R"
6523,"a"
6524,"S"
6525,"L"
6526,"E"
6527,"A"
6528,"O"
6529,"L"
6530,"I"
6531,"2"
6532,"N"
6533,"A"
6534,"a"
6535,"C"
6536,"i"
6537,"R"
6538,"L"
6539,"N"
6540,"e"
6541,"O"
6542,"P"
6543,"E"
6544,"O"
6545,"h"
6546,"R"
6547,"T"
6548,"M"
6549,"I"
6550,"A"
6551,"e"
6552,"N"
6553,"M"
6554,"e"
6555,"I"
6556,"W"
6557,"O"
6558,"I"
6559,"I"
6560,"O"
6561,"B"
6562,"O"
6563,"a"
6564,"G"
6565,"E"
6566,"e"
6567,"T"
6568,"E"
6569,"S"
6570,"E"
6571,"O"
6572,"O"
6573,"N"
6574,"S"
6575,"O"
6576,"R"
6577,"O"
6578,"0"
6579,"e"
6580,"A"
6581,"X"
6582,"R"
6583,"A"
6584,"A"
6585,"T"
6586,"I"
6587,"a"
6588,"C"
6589,"T"
6590,"A"
6591,"E"
6592,"I"
6593,"L"
6594,"e"
6595,"E"
6596,"o"
6597,"o"
6598,"I"
6599,"A"
6600,"I"
6601,"O"
6602,"P"
6603,"E"
6604,"U"
6605,"S"
6606,"L"
6607,"C"
6608,"a"
6609,"T"
6610,"N"
6611,"C"
6612,"A"
6613,"A"
6614,"n"
6615,"C"
6616,"G"
6617,"P"
6618,"M"
6619,"D"
6620,"R"
6621,"U"
6622,"C"
6623,"O"
6624,"l"
6625,"n"
6626,"G"
6627,"P"
6628,"O"
6629,"A"
6630,"K"
6631,"O"
6632,"T"
6633,"R"
6634,"R"
6635,"B"
6636,"L"
6637,"l"
6638,"T"
6639,"E"
6640,"C"
6641,"T"
6642,"P"
6643,"C"
6644,"S"
6645,"S"
6646,"i"
6647,"C"
6648,"G"
6649,"O"
6650,"P"
6651,"e"
6652,"R"
6653,"o"
6654,"N"
6655,"P"
6656,"A"
6657,"P"
6658,"A"
6659,"I"
6660,"C"
6661,"E"
6662,"L"
6663,"R"
6664,"2"
6665,"T"
6666,"R"
6667,"0"
6668,"A"
6669,"I"
6670,"I"
6671,"E"
6672,"o"
6673,"O"
6674,"R"
6675,"P"
6676,"A"
6677,"O"
6678,"P"
6679,"I"
6680,"L"
6681,"T"
6682,"E"
6683,"L"
6684,"A"
6685,"o"
6686,"N"
6687,"I"
6688,"O"
6689,"L"
6690,"A"
6691,"S"
6692,"T"
6693,"A"
6694,"M"
6695,"A"
6696,"E"
6697,"E"
6698,"P"
6699,"A"
6700,"H"
6701,"O"
6702,"K"
6703,"I"
6704,"D"
6705,"R"
6706,"N"
6707,"E"
6708,"I"
6709,"S"
6710,"t"
6711,"O"
6712,"n"
6713,"r"
6714,"A"
6715,"E"
6716,"A"
6717,"S"
6718,"A"
6719,"o"
6720,"v"
6721,"S"
6722,"R"
6723,"M"
6724,"n"
6725,"M"
6726,"T"
6727,"N"
6728,"E"
6729,"T"
6730,"S"
6731,"A"
6732,"T"
6733,"C"
6734,"L"
6735,"I"
6736,"a"
6737,"D"
6738,"R"
6739,"n"
6740,"E"
6741,"R"
6742,"T"
6743,"E"
6744,"A"
6745,"C"
6746,"R"
6747,"N"
6748,"a"
6749,"n"
6750,"I"
6751,"t"
6752,"t"
6753,"n"
6754,"R"
6755,"a"
6756,"O"
6757,"E"
6758,"R"
6759,"A"
6760,"T"
6761,"E"
6762,"e"
6763,"e"
6764,"O"
6765,"S"
6766,"I"
6767,"U"
6768,"o"
6769,"o"
6770,"t"
6771,"A"
6772,"A"
6773,"R"
6774,"V"
6775,"T"
6776,"A"
6777,"S"
6778,"O"
6779,"0"
6780,"C"
6781,"a"
6782,"D"
6783,"A"
6784,"T"
6785,"C"
6786,"t"
6787,"T"
6788,"A"
6789,"a"
6790,"0"
6791,"A"
6792,"N"
6793,"O"
6794,"M"
6795,"T"
6796,"o"
6797,"A"
6798,"U"
6799,"O"
6800,"N"
6801,"A"
6802,"O"
6803,"A"
6804,"A"
6805,"A"
6806,"T"
6807,"O"
6808,"C"
6809,"M"
6810,"D"
6811,"R"
6812,"e"
6813,"E"
6814,"a"
6815,"O"
6816,"A"
6817,"S"
6818,"t"
6819,"O"
6820,"A"
6821,"T"
6822,"S"
6823,"a"
6824,"L"
6825,"H"
6826,"S"
6827,"N"
6828,"N"
6829,"F"
6830,"R"
6831,"a"
6832,"C"
6833,"E"
6834,"S"
6835,"C"
6836,"E"
6837,"I"
6838,"A"
6839,"I"
6840,"I"
6841,"I"
6842,"a"
6843,"E"
6844,"E"
6845,"d"
6846,"r"
6847,"O"
6848,"T"
6849,"i"
6850,"N"
6851,"O"
6852,"I"
6853,"E"
6854,"E"
6855,"O"
6856,"H"
6857,"S"
6858,"N"
6859,"T"
6860,"R"
6861,"N"
6862,"E"
6863,"T"
6864,"E"
6865,"I"
6866,"E"
6867,"A"
6868,"S"
6869,"A"
6870,"E"
6871,"L"
6872,"T"
6873,"O"
6874,"3"
6875,"A"
6876,"E"
6877,"A"
6878,"L"
6879,"I"
6880,"A"
6881,"E"
6882,"O"
6883,"T"
6884,"L"
6885,"L"
6886,"I"
6887,"A"
6888,"A"
6889,"E"
6890,"a"
6891,"S"
6892,"i"
6893,"T"
6894,"A"
6895,"T"
6896,"I"
6897,"e"
6898,"r"
6899,"A"
6900,"I"
6901,"E"
6902,"G"
6903,"A"
6904,"S"
6905,"E"
6906,"I"
6907,"R"
6908,"B"
6909,"A"
6910,"L"
6911,"I"
6912,"R"
6913,"D"
6914,"I"
6915,"O"
6916,"1"
6917,"e"
6918,"T"
6919,"T"
6920,"R"
6921,"Y"
6922,"M"
6923,"9"
6924,"r"
6925,"B"
6926,"P"
6927,"N"
6928,"E"
6929,"D"
6930,"R"
6931,"H"
6932,"O"
6933,"A"
6934,"r"
6935,"L"
6936,"n"
6937,"R"
6938,"e"
6939,"A"
6940,"O"
6941,"A"
6942,"R"
6943,"r"
6944,"O"
6945,"C"
6946,"N"
6947,"I"
6948,"T"
6949,"1"
6950,"L"
6951,"V"
6952,"a"
6953,"D"
6954,"n"
6955,"I"
6956,"h"
6957,"A"
6958,"l"
6959,"0"
6960,"T"
6961,"E"
6962,"G"
6963,"E"
6964,"O"
6965,"A"
6966,"C"
6967,"N"
6968,"V"
6969,"Y"
6970,"I"
6971,"i"
6972,"S"
6973,"L"
6974,"T"
6975,"t"
6976,"e"
6977,"R"
6978,"o"
6979,"i"
6980,"l"
6981,"O"
6982,"M"
6983,"A"
6984,"2"
6985,"O"
6986,"R"
6987,"F"
6988,"A"
6989,"P"
6990,"R"
6991,"o"
6992,"O"
6993,"T"
6994,"S"
6995,"N"
6996,"T"
6997,"a"
6998,"A"
6999,"L"
7000,"A"
7001,"A"
7002,"I"
7003,"W"
7004,"E"
7005,"A"
7006,"P"
7007,"E"
7008,"E"
7009,"I"
7010,"A"
7011,"e"
7012,"O"
7013,"R"
7014,"O"
7015,"3"
7016,"R"
7017,"e"
7018,"L"
7019,"i"
7020,"A"
7021,"M"
7022,"N"
7023,"O"
7024,"C"
7025,"w"
7026,"P"
7027,"a"
7028,"o"
7029,"S"
7030,"C"
7031,"R"
7032,"T"
7033,"e"
7034,"o"
7035,"A"
7036,"A"
7037,"E"
7038,"C"
7039,"T"
7040,"A"
7041,"a"
7042,"0"
7043,"Y"
7044,"E"
7045,"E"
7046,"o"
7047,"e"
7048,"0"
7049,"I"
7050,"I"
7051,"O"
7052,"I"
7053,"h"
7054,"H"
7055,"E"
7056,"C"
7057,"R"
7058,"I"
7059,"E"
7060,"O"
7061,"R"
7062,"T"
7063,"e"
7064,"N"
7065,"O"
7066,"s"
7067,"n"
7068,"I"
7069,"S"
7070,"F"
7071,"a"
7072,"7"
7073,"S"
7074,"2"
7075,"N"
7076,"R"
7077,"O"
7078,"P"
7079,"C"
7080,"E"
7081,"A"
7082,"e"
7083,"E"
7084,"P"
7085,"R"
7086,"A"
7087,"h"
7088,"I"
7089,"U"
7090,"E"
7091,"R"
7092,"L"
7093,"R"
7094,"e"
7095,"A"
7096,"A"
7097,"O"
7098,"E"
7099,"E"
7100,"T"
7101,"R"
7102,"D"
7103,"L"
7104,"3"
7105,"O"
7106,"T"
7107,"L"
7108,"O"
7109,"a"
7110,"t"
7111,"A"
7112,"Y"
7113,"e"
7114,"e"
7115,"E"
7116,"E"
7117,"L"
7118,"A"
7119,"S"
7120,"I"
7121,"R"
7122,"A"
7123,"e"
7124,"S"
7125,"S"
7126,"N"
7127,"e"
7128,"A"
7129,"E"
7130,"A"
7131,"O"
7132,"S"
7133,"W"
7134,"N"
7135,"C"
7136,"r"
7137,"O"
7138,"E"
7139,"E"
7140,"I"
7141,"T"
7142,"A"
7143,"N"
7144,"A"
7145,"T"
7146,"l"
7147,"e"
7148,"W"
7149,"O"
7150,"A"
7151,"I"
7152,"E"
7153,"O"
7154,"O"
7155,"A"
7156,"2"
7157,"A"
7158,"R"
7159,"A"
7160,"E"
7161,"P"
7162,"a"
7163,"N"
7164,"T"
7165,"A"
7166,"L"
7167,"t"
7168,"E"
7169,"N"
7170,"R"
7171,"O"
7172,"R"
7173,"L"
7174,"I"
7175,"A"
7176,"N"
7177,"R"
7178,"A"
7179,"P"
7180,"h"
7181,"A"
7182,"H"
7183,"M"
7184,"N"
7185,"7"
7186,"A"
7187,"E"
7188,"T"
7189,"M"
7190,"N"
7191,"R"
7192,"A"
7193,"i"
7194,"S"
7195,"C"
7196,"O"
7197,"P"
7198,"K"
7199,"O"
7200,"N"
7201,"1"
7202,"O"
7203,"O"
7204,"n"
7205,"e"
7206,"o"
7207,"T"
7208,"N"
7209,"R"
7210,"T"
7211,"O"
7212,"O"
7213,"E"
7214,"A"
7215,"o"
7216,"S"
7217,"t"
7218,"T"
7219,"I"
7220,"E"
7221,"A"
7222,"A"
7223,"R"
7224,"W"
7225,"C"
7226,"S"
7227,"e"
7228,"A"
7229,"O"
7230,"L"
7231,"A"
7232,"4"
7233,"R"
7234,"D"
7235,"O"
7236,"O"
7237,"E"
7238,"O"
7239,"a"
7240,"R"
7241,"L"
7242,"f"
7243,"I"
7244,"A"
7245,"N"
7246,"S"
7247,"O"
7248,"a"
7249,"O"
7250,"U"
7251,"0"
7252,"E"
7253,"E"
7254,"a"
7255,"A"
7256,"S"
7257,"O"
7258,"A"
7259,"E"
7260,"S"
7261,"I"
7262,"O"
7263,"N"
7264,"A"
7265,"C"
7266,"C"
7267,"S"
7268,"O"
7269,"R"
7270,"E"
7271,"N"
7272,"G"
7273,"R"
7274,"S"
7275,"A"
7276,"t"
7277,"Y"
7278,"A"
7279,"L"
7280,"i"
7281,"n"
7282,"I"
7283,"T"
7284,"r"
7285,"Y"
7286,"R"
7287,"P"
7288,"I"
7289,"A"
7290,"A"
7291,"E"
7292,"S"
7293,"E"
7294,"I"
7295,"O"
7296,"n"
7297,"R"
7298,"E"
7299,"A"
7300,"O"
7301,"i"
7302,"E"
7303,"O"
7304,"I"
7305,"E"
7306,"B"
7307,"D"
7308,"T"
7309,"T"
7310,"i"
7311,"E"
7312,"r"
7313,"A"
7314,"A"
7315,"H"
7316,"A"
7317,"S"
7318,"R"
7319,"E"
7320,"C"
7321,"O"
7322,"T"
7323,"G"
7324,"B"
7325,"I"
7326,"O"
7327,"E"
7328,"C"
7329,"Y"
7330,"H"
7331,"R"
7332,"T"
7333,"A"
7334,"A"
7335,"R"
7336,"1"
7337,"R"
7338,"H"
7339,"l"
7340,"I"
7341,"t"
7342,"E"
7343,"E"
7344,"D"
7345,"M"
7346,"R"
7347,"O"
7348,"P"
7349,"E"
7350,"A"
7351,"e"
7352,"N"
7353,"D"
7354,"u"
7355,"A"
7356,"A"
7357,"I"
7358,"r"
7359,"R"
7360,"i"
7361,"L"
7362,"C"
7363,"I"
7364,"E"
7365,"C"
7366,"T"
7367,"I"
7368,"S"
7369,"E"
7370,"A"
7371,"I"
7372,"O"
7373,"T"
7374,"U"
7375,"E"
7376,"1"
7377,"T"
7378,"I"
7379,"4"
7380,"E"
7381,"X"
7382,"S"
7383,"S"
7384,"O"
7385,"R"
7386,"e"
7387,"a"
7388,"O"
7389,"I"
7390,"E"
7391,"I"
7392,"T"
7393,"M"
7394,"R"
7395,"N"
7396,"H"
7397,"L"
7398,"O"
7399,"D"
7400,"I"
7401,"C"
7402,"e"
7403,"N"
7404,"A"
7405,"e"
7406,"R"
7407,"E"
7408,"E"
7409,"O"
7410,"S"
7411,"N"
7412,"7"
7413,"r"
7414,"3"
7415,"A"
7416,"E"
7417,"T"
7418,"A"
7419,"O"
7420,"E"
7421,"I"
7422,"C"
7423,"O"
7424,"7"
7425,"R"
7426,"E"
7427,"e"
7428,"M"
7429,"A"
7430,"A"
7431,"I"
7432,"I"
7433,"A"
7434,"e"
7435,"r"
7436,"R"
7437,"2"
7438,"R"
7439,"S"
7440,"e"
7441,"a"
7442,"A"
7443,"O"
7444,"E"
7445,"S"
7446,"P"
7447,"X"
7448,"C"
7449,"D"
7450,"E"
7451,"L"
7452,"D"
7453,"A"
7454,"s"
7455,"i"
7456,"S"
7457,"C"
7458,"D"
7459,"A"
7460,"S"
7461,"N"
7462,"E"
7463,"I"
7464,"I"
7465,"T"
7466,"E"
7467,"n"
7468,"A"
7469,"A"
7470,"E"
7471,"e"
7472,"N"
7473,"I"
7474,"P"
7475,"A"
7476,"P"
7477,"R"
7478,"S"
7479,"I"
7480,"N"
7481,"C"
7482,"O"
7483,"E"
7484,"L"
7485,"A"
7486,"I"
7487,"L"
7488,"N"
7489,"E"
7490,"P"
7491,"i"
7492,"N"
7493,"x"
7494,"I"
7495,"I"
7496,"C"
7497,"C"
7498,"R"
7499,"I"
7500,"e"
7501,"O"
7502,"P"
7503,"N"
7504,"D"
7505,"Y"
7506,"O"
7507,"2"
7508,"O"
7509,"I"
7510,"I"
7511,"G"
7512,"R"
7513,"S"
7514,"A"
7515,"S"
7516,"I"
7517,"L"
7518,"E"
7519,"R"
7520,"E"
7521,"E"
7522,"E"
7523,"A"
7524,"I"
7525,"A"
7526,"T"
7527,"A"
7528,"F"
7529,"T"
7530,"I"
7531,"N"
7532,"O"
7533,"A"
7534,"C"
7535,"A"
7536,"3"
7537,"R"
7538,"I"
7539,"R"
7540,"I"
7541,"l"
7542,"H"
7543,"o"
7544,"E"
7545,"O"
7546,"i"
7547,"R"
7548,"E"
7549,"e"
7550,"A"
7551,"A"
7552,"E"
7553,"A"
7554,"a"
7555,"I"
7556,"v"
7557,"N"
7558,"E"
7559,"S"
7560,"M"
7561,"C"
7562,"E"
7563,"I"
7564,"T"
7565,"A"
7566,"A"
7567,"9"
7568,"H"
7569,"A"
7570,"N"
7571,"E"
7572,"E"
7573,"a"
7574,"N"
7575,"e"
7576,"R"
7577,"D"
7578,"O"
7579,"a"
7580,"N"
7581,"R"
7582,"O"
7583,"r"
7584,"M"
7585,"n"
7586,"A"
7587,"N"
7588,"P"
7589,"w"
7590,"S"
7591,"P"
7592,"E"
7593,"T"
7594,"M"
7595,"C"
7596,"O"
7597,"R"
7598,"I"
7599,"E"
7600,"E"
7601,"a"
7602,"L"
7603,"M"
7604,"A"
7605,"N"
7606,"I"
7607,"e"
7608,"S"
7609,"A"
7610,"L"
7611,"V"
7612,"E"
7613,"O"
7614,"I"
7615,"n"
7616,"A"
7617,"E"
7618,"I"
7619,"G"
7620,"Y"
7621,"M"
7622,"T"
7623,"I"
7624,"A"
7625,"O"
7626,"M"
7627,"D"
7628,"O"
7629,"e"
7630,"n"
7631,"O"
7632,"I"
7633,"A"
7634,"R"
7635,"o"
7636,"X"
7637,"P"
7638,"0"
7639,"3"
7640,"E"
7641,"E"
7642,"I"
7643,"T"
7644,"R"
7645,"L"
7646,"t"
7647,"P"
7648,"A"
7649,"O"
7650,"D"
7651,"R"
7652,"I"
7653,"A"
7654,"D"
7655,"S"
7656,"l"
7657,"E"
7658,"A"
7659,"r"
7660,"d"
7661,"A"
7662,"R"
7663,"R"
7664,"V"
7665,"L"
7666,"e"
7667,"F"
7668,"R"
7669,"I"
7670,"R"
7671,"S"
7672,"G"
7673,"I"
7674,"E"
7675,"I"
7676,"E"
7677,"D"
7678,"O"
7679,"I"
7680,"T"
7681,"A"
7682,"a"
7683,"s"
7684,"G"
7685,"n"
7686,"E"
7687,"I"
7688,"E"
7689,"O"
7690,"O"
7691,"D"
7692,"M"
7693,"C"
7694,"i"
7695,"r"
7696,"H"
7697,"M"
7698,"r"
7699,"R"
7700,"U"
7701,"s"
7702,"N"
7703,"P"
7704,"F"
7705,"R"
7706,"I"
7707,"R"
7708,"A"
7709,"R"
7710,"O"
7711,"N"
7712,"P"
7713,"e"
7714,"A"
7715,"G"
7716,"z"
7717,"M"
7718,"O"
7719,"T"
7720,"T"
7721,"S"
7722,"S"
7723,"P"
7724,"A"
7725,"S"
7726,"t"
7727,"A"
7728,"N"
7729,"S"
7730,"A"
7731,"I"
7732,"N"
7733,"E"
7734,"D"
7735,"N"
7736,"n"
7737,"S"
7738,"R"
7739,"E"
7740,"E"
7741,"O"
7742,"A"
7743,"A"
7744,"E"
7745,"n"
7746,"R"
7747,"C"
7748,"S"
7749,"N"
7750,"T"
7751,"r"
7752,"C"
7753,"T"
7754,"E"
7755,"R"
7756,"H"
7757,"O"
7758,"N"
7759,"A"
7760,"0"
7761,"i"
7762,"E"
7763,"H"
7764,"A"
7765,"I"
7766,"R"
7767,"A"
7768,"5"
7769,"A"
7770,"N"
7771,"l"
7772,"R"
7773,"E"
7774,"R"
7775,"R"
7776,"A"
7777,"n"
7778,"E"
7779,"P"
7780,"A"
7781,"A"
7782,"r"
7783,"n"
7784,"I"
7785,"3"
7786,"C"
7787,"V"
7788,"A"
7789,"0"
7790,"P"
7791,"1"
7792,"e"
7793,"t"
7794,"N"
7795,"A"
7796,"E"
7797,"N"
7798,"e"
7799,"O"
7800,"S"
7801,"I"
7802,"I"
7803,"A"
7804,"A"
7805,"I"
7806,"M"
7807,"E"
7808,"o"
7809,"U"
7810,"R"
7811,"O"
7812,"S"
7813,"C"
7814,"I"
7815,"a"
7816,"I"
7817,"E"
7818,"A"
7819,"O"
7820,"T"
7821,"E"
7822,"e"
7823,"r"
7824,"T"
7825,"A"
7826,"A"
7827,"r"
7828,"S"
7829,"R"
7830,"E"
7831,"R"
7832,"A"
7833,"S"
7834,"O"
7835,"H"
7836,"A"
7837,"R"
7838,"e"
7839,"S"
7840,"Y"
7841,"e"
7842,"R"
7843,"r"
7844,"A"
7845,"e"
7846,"I"
7847,"r"
7848,"S"
7849,"N"
7850,"r"
7851,"R"
7852,"A"
7853,"M"
7854,"E"
7855,"i"
7856,"I"
7857,"O"
7858,"O"
7859,"S"
7860,"L"
7861,"A"
7862,"t"
7863,"L"
7864,"R"
7865,"7"
7866,"N"
7867,"A"
7868,"A"
7869,"E"
7870,"G"
7871,"E"
7872,"G"
7873,"L"
7874,"A"
7875,"E"
7876,"E"
7877,"R"
7878,"i"
7879,"N"
7880,"N"
7881,"I"
7882,"I"
7883,"C"
7884,"a"
7885,"S"
7886,"T"
7887,"E"
7888,"A"
7889,"U"
7890,"N"
7891,"2"
7892,"E"
7893,"L"
7894,"S"
7895,"N"
7896,"I"
7897,"E"
7898,"A"
7899,"E"
7900,"e"
7901,"e"
7902,"E"
7903,"S"
7904,"N"
7905,"T"
7906,"O"
7907,"Y"
7908,"e"
7909,"I"
7910,"A"
7911,"K"
7912,"a"
7913,"D"
7914,"C"
7915,"C"
7916,"R"
7917,"A"
7918,"I"
7919,"I"
7920,"v"
7921,"O"
7922,"6"
7923,"H"
7924,"E"
7925,"S"
7926,"R"
7927,"Y"
7928,"L"
7929,"r"
7930,"T"
7931,"a"
7932,"E"
7933,"H"
7934,"F"
7935,"E"
7936,"e"
7937,"L"
7938,"N"
7939,"I"
7940,"T"
7941,"r"
7942,"H"
7943,"O"
7944,"T"
7945,"E"
7946,"D"
7947,"E"
7948,"R"
7949,"o"
7950,"T"
7951,"L"
7952,"A"
7953,"A"
7954,"I"
7955,"H"
7956,"I"
7957,"I"
7958,"I"
7959,"E"
7960,"R"
7961,"E"
7962,"N"
7963,"W"
7964,"T"
7965,"O"
7966,"I"
7967,"I"
7968,"S"
7969,"O"
7970,"S"
7971,"N"
7972,"A"
7973,"R"
7974,"i"
7975,"P"
7976,"A"
7977,"A"
7978,"e"
7979,"T"
7980,"E"
7981,"T"
7982,"A"
7983,"I"
7984,"r"
7985,"L"
7986,"A"
7987,"N"
7988,"e"
7989,"O"
7990,"T"
7991,"S"
7992,"I"
7993,"O"
7994,"C"
7995,"0"
7996,"O"
7997,"R"
7998,"A"
7999,"o"
8000,"N"
8001,"O"
8002,"S"
8003,"P"
8004,"e"
8005,"T"
8006,"T"
8007,"I"
8008,"T"
8009,"A"
8010,"O"
8011,"A"
8012,"G"
8013,"R"
8014,"I"
8015,"E"
8016,"L"
8017,"c"
8018,"r"
8019,"A"
8020,"T"
8021,"A"
8022,"T"
8023,"O"
8024,"H"
8025,"E"
8026,"O"
8027,"A"
8028,"O"
8029,"A"
8030,"a"
8031,"N"
8032,"C"
8033,"e"
8034,"i"
8035,"S"
8036,"M"
8037,"E"
8038,"T"
8039,"a"
8040,"T"
8041,"n"
8042,"E"
8043,"O"
8044,"D"
8045,"N"
8046,"A"
8047,"C"
8048,"s"
8049,"n"
8050,"e"
8051,"A"
8052,"m"
8053,"n"
8054,"H"
8055,"I"
8056,"N"
8057,"I"
8058,"I"
8059,"O"
8060,"A"
8061,"S"
8062,"R"
8063,"S"
8064,"R"
8065,"E"
8066,"C"
8067,"a"
8068,"I"
8069,"N"
8070,"N"
8071,"M"
8072,"I"
8073,"R"
8074,"I"
8075,"R"
8076,"O"
8077,"T"
8078,"R"
8079,"M"
8080,"R"
8081,"E"
8082,"S"
8083,"E"
8084,"N"
8085,"d"
8086,"R"
8087,"A"
8088,"T"
8089,"C"
8090,"R"
8091,"S"
8092,"T"
8093,"R"
8094,"E"
8095,"o"
8096,"r"
8097,"T"
8098,"A"
8099,"A"
8100,"S"
8101,"i"
8102,"I"
8103,"H"
8104,"I"
8105,"A"
8106,"I"
8107,"0"
8108,"E"
8109,"T"
8110,"A"
8111,"E"
8112,"i"
8113,"A"
8114,"A"
8115,"O"
8116,"L"
8117,"A"
8118,"N"
8119,"L"
8120,"A"
8121,"I"
8122,"S"
8123,"n"
8124,"I"
8125,"O"
8126,"0"
8127,"E"
8128,"I"
8129,"T"
8130,"L"
8131,"A"
8132,"G"
8133,"N"
8134,"A"
8135,"R"
8136,"C"
8137,"R"
8138,"I"
8139,"E"
8140,"O"
8141,"I"
8142,"D"
8143,"o"
8144,"T"
8145,"A"
8146,"H"
8147,"a"
8148,"O"
8149,"E"
8150,"C"
8151,"P"
8152,"P"
8153,"E"
8154,"e"
8155,"O"
8156,"r"
8157,"R"
8158,"I"
8159,"O"
8160,"H"
8161,"R"
8162,"s"
8163,"N"
8164,"S"
8165,"2"
8166,"R"
8167,"O"
8168,"e"
8169,"G"
8170,"O"
8171,"E"
8172,"I"
8173,"p"
8174,"S"
8175,"R"
8176,"T"
8177,"R"
8178,"A"
8179,"A"
8180,"I"
8181,"I"
8182,"O"
8183,"O"
8184,"E"
8185,"B"
8186,"N"
8187,"L"
8188,"A"
8189,"R"
8190,"e"
8191,"S"
8192,"i"
8193,"S"
8194,"R"
8195,"M"
8196,"E"
8197,"A"
8198,"S"
8199,"D"
8200,"A"
8201,"E"
8202,"I"
8203,"I"
8204,"a"
8205,"A"
8206,"N"
8207,"D"
8208,"e"
8209,"L"
8210,"E"
8211,"S"
8212,"e"
8213,"A"
8214,"T"
8215,"E"
8216,"N"
8217,"C"
8218,"S"
8219,"A"
8220,"K"
8221,"I"
8222,"A"
8223,"H"
8224,"I"
8225,"O"
8226,"N"
8227,"A"
8228,"E"
8229,"R"
8230,"s"
8231,"R"
8232,"T"
8233,"N"
8234,"E"
8235,"A"
8236,"i"
8237,"A"
8238,"A"
8239,"a"
8240,"a"
8241,"O"
8242,"S"
8243,"I"
8244,"3"
8245,"C"
8246,"I"
8247,"A"
8248,"U"
8249,"T"
8250,"A"
8251,"C"
8252,"M"
8253,"o"
8254,"O"
8255,"s"
8256,"Y"
8257,"E"
8258,"E"
8259,"N"
8260,"O"
8261,"R"
8262,"O"
8263,"T"
8264,"A"
8265,"S"
8266,"S"
8267,"0"
8268,"N"
8269,"O"
8270,"I"
8271,"E"
8272,"U"
8273,"t"
8274,"O"
8275,"C"
8276,"R"
8277,"R"
8278,"A"
8279,"P"
8280,"L"
8281,"O"
8282,"R"
8283,"A"
8284,"A"
8285,"L"
8286,"S"
8287,"T"
8288,"e"
8289,"O"
8290,"E"
8291,"I"
8292,"E"
8293,"C"
8294,"O"
8295,"T"
8296,"t"
8297,"N"
8298,"A"
8299,"t"
8300,"E"
8301,"O"
8302,"I"
8303,"O"
8304,"N"
8305,"O"
8306,"N"
8307,"I"
8308,"N"
8309,"N"
8310,"C"
8311,"N"
8312,"O"
8313,"A"
8314,"7"
8315,"A"
8316,"E"
8317,"E"
8318,"E"
8319,"D"
8320,"A"
8321,"M"
8322,"r"
8323,"P"
8324,"E"
8325,"N"
8326,"T"
8327,"i"
8328,"L"
8329,"I"
8330,"e"
8331,"A"
8332,"I"
8333,"N"
8334,"N"
8335,"O"
8336,"O"
8337,"A"
8338,"O"
8339,"C"
8340,"A"
8341,"A"
8342,"N"
8343,"A"
8344,"C"
8345,"N"
8346,"A"
8347,"M"
8348,"O"
8349,"e"
8350,"I"
8351,"N"
8352,"A"
8353,"T"
8354,"A"
8355,"T"
8356,"I"
8357,"O"
8358,"O"
8359,"I"
8360,"r"
8361,"T"
8362,"N"
8363,"e"
8364,"O"
8365,"D"
8366,"I"
8367,"O"
8368,"R"
8369,"S"
8370,"E"
8371,"T"
8372,"i"
8373,"n"
8374,"N"
8375,"P"
8376,"L"
8377,"R"
8378,"A"
8379,"N"
8380,"N"
8381,"n"
8382,"R"
8383,"N"
8384,"S"
8385,"a"
8386,"S"
8387,"L"
8388,"E"
8389,"S"
8390,"R"
8391,"C"
8392,"D"
8393,"e"
8394,"N"
8395,"S"
8396,"P"
8397,"R"
8398,"R"
8399,"I"
8400,"A"
8401,"L"
8402,"A"
8403,"T"
8404,"E"
8405,"S"
8406,"N"
8407,"S"
8408,"E"
8409,"E"
8410,"N"
8411,"E"
8412,"S"
8413,"n"
8414,"T"
8415,"D"
8416,"E"
8417,"B"
8418,"1"
8419,"L"
8420,"i"
8421,"N"
8422,"M"
8423,"N"
8424,"N"
8425,"O"
8426,"A"
8427,"w"
8428,"E"
8429,"D"
8430,"O"
8431,"T"
8432,"A"
8433,"H"
8434,"E"
8435,"O"
8436,"A"
8437,"N"
8438,"O"
8439,"A"
8440,"0"
8441,"A"
8442,"H"
8443,"R"
8444,"S"
8445,"t"
8446,"z"
8447,"R"
8448,"I"
8449,"I"
8450,"o"
8451,"I"
8452,"U"
8453,"R"
8454,"T"
8455,"t"
8456,"S"
8457,"H"
8458,"A"
8459,"M"
8460,"E"
8461,"D"
8462,"O"
8463,"E"
8464,"L"
8465,"a"
8466,"A"
8467,"N"
8468,"L"
8469,"F"
8470,"C"
8471,"I"
8472,"C"
8473,"S"
8474,"R"
8475,"C"
8476,"R"
8477,"E"
8478,"T"
8479,"C"
8480,"A"
8481,"O"
8482,"P"
8483,"R"
8484,"C"
8485,"d"
8486,"E"
8487,"t"
8488,"S"
8489,"e"
8490,"A"
8491,"E"
8492,"O"
8493,"R"
8494,"E"
8495,"L"
8496,"S"
8497,"b"
8498,"E"
8499,"E"
8500,"E"
8501,"d"
8502,"I"
8503,"E"
8504,"m"
8505,"E"
8506,"T"
8507,"S"
8508,"N"
8509,"I"
8510,"N"
8511,"S"
8512,"N"
8513,"6"
8514,"E"
8515,"D"
8516,"A"
8517,"I"
8518,"g"
8519,"O"
8520,"s"
8521,"N"
8522,"T"
8523,"R"
8524,"L"
8525,"E"
8526,"S"
8527,"A"
8528,"D"
8529,"I"
8530,"E"
8531,"P"
8532,"R"
8533,"E"
8534,"F"
8535,"O"
8536,"R"
8537,"2"
8538,"A"
8539,"Z"
8540,"E"
8541,"n"
8542,"D"
8543,"i"
8544,"M"
8545,"E"
8546,"Y"
8547,"L"
8548,"T"
8549,"L"
8550,"S"
8551,"R"
8552,"O"
8553,"O"
8554,"S"
8555,"E"
8556,"S"
8557,"U"
8558,"R"
8559,"C"
8560,"I"
8561,"r"
8562,"O"
8563,"S"
8564,"A"
8565,"A"
8566,"1"
8567,"I"
8568,"A"
8569,"I"
8570,"I"
8571,"E"
8572,"A"
8573,"I"
8574,"D"
8575,"A"
8576,"0"
8577,"R"
8578,"R"
8579,"n"
8580,"I"
8581,"I"
8582,"e"
8583,"O"
8584,"H"
8585,"T"
8586,"N"
8587,"8"
8588,"I"
8589,"a"
8590,"5"
8591,"I"
8592,"R"
8593,"I"
8594,"E"
8595,"r"
8596,"M"
8597,"A"
8598,"R"
8599,"I"
8600,"N"
8601,"E"
8602,"A"
8603,"J"
8604,"T"
8605,"E"
8606,"A"
8607,"O"
8608,"E"
8609,"I"
8610,"A"
8611,"L"
8612,"I"
8613,"A"
8614,"S"
8615,"E"
8616,"R"
8617,"R"
8618,"R"
8619,"A"
8620,"O"
8621,"R"
8622,"e"
8623,"I"
8624,"e"
8625,"E"
8626,"h"
8627,"E"
8628,"N"
8629,"A"
8630,"E"
8631,"A"
8632,"o"
8633,"S"
8634,"N"
8635,"A"
8636,"I"
8637,"C"
8638,"T"
8639,"e"
8640,"V"
8641,"S"
8642,"R"
8643,"A"
8644,"M"
8645,"O"
8646,"0"
8647,"e"
8648,"O"
8649,"N"
8650,"I"
8651,"M"
8652,"E"
8653,"e"
8654,"S"
8655,"S"
8656,"N"
8657,"I"
8658,"B"
8659,"W"
8660,"t"
8661,"R"
8662,"r"
8663,"I"
8664,"T"
8665,"A"
8666,"A"
8667,"E"
8668,"D"
8669,"n"
8670,"s"
8671,"N"
8672,"R"
8673,"E"
8674,"O"
8675,"I"
8676,"A"
8677,"N"
8678,"T"
8679,"B"
8680,"r"
8681,"I"
8682,"A"
8683,"E"
8684,"O"
8685,"C"
8686,"R"
8687,"O"
8688,"A"
8689,"S"
8690,"E"
8691,"S"
8692,"r"
8693,"O"
8694,"I"
8695,"N"
8696,"E"
8697,"O"
8698,"T"
8699,"R"
8700,"D"
8701,"E"
8702,"P"
8703,"l"
8704,"r"
8705,"7"
8706,"s"
8707,"T"
8708,"A"
8709,"A"
8710,"V"
8711,"A"
8712,"E"
8713,"H"
8714,"R"
8715,"I"
8716,"N"
8717,"R"
8718,"N"
8719,"R"
8720,"O"
8721,"R"
8722,"A"
8723,"N"
8724,"i"
8725,"E"
8726,"R"
8727,"A"
8728,"M"
8729,"S"
8730,"N"
8731,"O"
8732,"E"
8733,"D"
8734,"R"
8735,"E"
8736,"E"
8737,"A"
8738,"A"
8739,"L"
8740,"N"
8741,"I"
8742,"o"
8743,"r"
8744,"V"
8745,"I"
8746,"R"
8747,"n"
8748,"E"
8749,"D"
8750,"E"
8751,"2"
8752,"P"
8753,"I"
8754,"a"
8755,"m"
8756,"T"
8757,"I"
8758,"R"
8759,"P"
8760,"R"
8761,"O"
8762,"A"
8763,"N"
8764,"D"
8765,"R"
8766,"D"
8767,"N"
8768,"L"
8769,"E"
8770,"E"
8771,"E"
8772,"H"
8773,"S"
8774,"e"
8775,"E"
8776,"A"
8777,"A"
8778,"R"
8779,"O"
8780,"O"
8781,"L"
8782,"e"
8783,"T"
8784,"O"
8785,"A"
8786,"L"
8787,"O"
8788,"C"
8789,"e"
8790,"I"
8791,"C"
8792,"O"
8793,"M"
8794,"0"
8795,"e"
8796,"O"
8797,"T"
8798,"N"
8799,"E"
8800,"o"
8801,"Z"
8802,"O"
8803,"I"
8804,"a"
8805,"A"
8806,"S"
8807,"I"
8808,"H"
8809,"U"
8810,"E"
8811,"R"
8812,"n"
8813,"O"
8814,"O"
8815,"3"
8816,"n"
8817,"D"
8818,"o"
8819,"e"
8820,"L"
8821,"w"
8822,"A"
8823,"E"
8824,"T"
8825,"C"
8826,"C"
8827,"A"
8828,"A"
8829,"e"
8830,"R"
8831,"I"
8832,"O"
8833,"I"
8834,"e"
8835,"N"
8836,"L"
8837,"P"
8838,"I"
8839,"O"
8840,"e"
8841,"I"
8842,"E"
8843,"A"
8844,"N"
8845,"P"
8846,"A"
8847,"E"
8848,"1"
8849,"A"
8850,"S"
8851,"I"
8852,"O"
8853,"R"
8854,"O"
8855,"A"
8856,"A"
8857,"A"
8858,"A"
8859,"R"
8860,"C"
8861,"D"
8862,"n"
8863,"P"
8864,"R"
8865,"e"
8866,"N"
8867,"O"
8868,"L"
8869,"r"
8870,"R"
8871,"U"
8872,"E"
8873,"A"
8874,"L"
8875,"E"
8876,"F"
8877,"I"
8878,"O"
8879,"i"
8880,"T"
8881,"e"
8882,"G"
8883,"N"
8884,"A"
8885,"O"
8886,"Y"
8887,"3"
8888,"P"
8889,"N"
8890,"R"
8891,"R"
8892,"O"
8893,"A"
8894,"n"
8895,"A"
8896,"a"
8897,"T"
8898,"E"
8899,"A"
8900,"e"
8901,"E"
8902,"C"
8903,"R"
8904,"O"
8905,"0"
8906,"A"
8907,"O"
8908,"O"
8909,"I"
8910,"I"
8911,"0"
8912,"e"
8913,"E"
8914,"G"
8915,"R"
8916,"E"
8917,"e"
8918,"E"
8919,"T"
8920,"O"
8921,"C"
8922,"N"
8923,"T"
8924,"i"
8925,"S"
8926,"D"
8927,"V"
8928,"L"
8929,"2"
8930,"R"
8931,"M"
8932,"A"
8933,"L"
8934,"r"
8935,"R"
8936,"O"
8937,"A"
8938,"O"
8939,"N"
8940,"D"
8941,"S"
8942,"S"
8943,"a"
8944,"N"
8945,"I"
8946,"R"
8947,"I"
8948,"I"
8949,"H"
8950,"T"
8951,"T"
8952,"C"
8953,"r"
8954,"e"
8955,"I"
8956,"a"
8957,"N"
8958,"A"
8959,"C"
8960,"P"
8961,"I"
8962,"M"
8963,"a"
8964,"T"
8965,"r"
8966,"T"
8967,"s"
8968,"r"
8969,"I"
8970,"e"
8971,"D"
8972,"a"
8973,"A"
8974,"I"
8975,"A"
8976,"E"
8977,"G"
8978,"T"
8979,"n"
8980,"D"
8981,"3"
8982,"R"
8983,"U"
8984,"S"
8985,"E"
8986,"S"
8987,"R"
8988,"N"
8989,"o"
8990,"R"
8991,"A"
8992,"2"
8993,"i"
8994,"S"
8995,"o"
8996,"n"
8997,"M"
8998,"A"
8999,"A"
9000,"E"
9001,"N"
9002,"A"
9003,"O"
9004,"M"
9005,"A"
9006,"H"
9007,"O"
9008,"I"
9009,"o"
9010,"A"
9011,"O"
9012,"P"
9013,"o"
9014,"o"
9015,"t"
9016,"R"
9017,"i"
9018,"E"
9019,"P"
9020,"T"
9021,"T"
9022,"R"
9023,"A"
9024,"H"
9025,"A"
9026,"R"
9027,"D"
9028,"R"
9029,"r"
9030,"D"
9031,"A"
9032,"A"
9033,"I"
9034,"H"
9035,"R"
9036,"0"
9037,"R"
9038,"r"
9039,"N"
9040,"N"
9041,"I"
9042,"E"
9043,"L"
9044,"I"
9045,"J"
9046,"I"
9047,"N"
9048,"T"
9049,"I"
9050,"e"
9051,"R"
9052,"S"
9053,"N"
9054,"B"
9055,"A"
9056,"e"
9057,"O"
9058,"I"
9059,"S"
9060,"S"
9061,"I"
9062,"R"
9063,"r"
9064,"A"
9065,"A"
9066,"A"
9067,"T"
9068,"C"
9069,"O"
9070,"E"
9071,"T"
9072,"R"
9073,"O"
9074,"N"
9075,"i"
9076,"a"
9077,"V"
9078,"C"
9079,"A"
9080,"R"
9081,"J"
9082,"O"
9083,"E"
9084,"a"
9085,"S"
9086,"N"
9087,"o"
9088,"T"
9089,"R"
9090,"G"
9091,"A"
9092,"T"
9093,"L"
9094,"E"
9095,"E"
9096,"O"
9097,"A"
9098,"A"
9099,"E"
9100,"e"
9101,"E"
9102,"I"
9103,"G"
9104,"H"
9105,"K"
9106,"R"
9107,"A"
9108,"P"
9109,"a"
9110,"I"
9111,"I"
9112,"M"
9113,"h"
9114,"C"
9115,"E"
9116,"N"
9117,"E"
9118,"V"
9119,"E"
9120,"S"
9121,"I"
9122,"T"
9123,"E"
9124,"R"
9125,"O"
9126,"2"
9127,"R"
9128,"a"
9129,"T"
9130,"C"
9131,"a"
9132,"T"
9133,"A"
9134,"e"
9135,"m"
9136,"T"
9137,"R"
9138,"E"
9139,"D"
9140,"E"
9141,"a"
9142,"E"
9143,"A"
9144,"A"
9145,"O"
9146,"O"
9147,"T"
9148,"B"
9149,"I"
9150,"T"
9151,"A"
9152,"n"
9153,"C"
9154,"O"
9155,"A"
9156,"T"
9157,"O"
9158,"f"
9159,"C"
9160,"7"
9161,"R"
9162,"S"
9163,"M"
9164,"A"
9165,"R"
9166,"E"
9167,"e"
9168,"2"
9169,"a"
9170,"A"
9171,"D"
9172,"T"
9173,"M"
9174,"A"
9175,"e"
9176,"A"
9177,"l"
9178,"I"
9179,"D"
9180,"e"
9181,"T"
9182,"M"
9183,"A"
9184,"M"
9185,"a"
9186,"N"
9187,"L"
9188,"N"
9189,"E"
9190,"I"
9191,"I"
9192,"N"
9193,"A"
9194,"R"
9195,"O"
9196,"C"
9197,"E"
9198,"R"
9199,"R"
9200,"O"
9201,"S"
9202,"A"
9203,"N"
9204,"P"
9205,"S"
9206,"T"
9207,"O"
9208,"A"
9209,"C"
9210,"A"
9211,"N"
9212,"V"
9213,"N"
9214,"P"
9215,"S"
9216,"N"
9217,"0"
9218,"E"
9219,"A"
9220,"T"
9221,"T"
9222,"E"
9223,"N"
9224,"E"
9225,"A"
9226,"r"
9227,"L"
9228,"I"
9229,"o"
9230,"S"
9231,"r"
9232,"t"
9233,"N"
9234,"E"
9235,"R"
9236,"N"
9237,"A"
9238,"L"
9239,"A"
9240,"R"
9241,"R"
9242,"A"
9243,"O"
9244,"A"
9245,"S"
9246,"A"
9247,"a"
9248,"R"
9249,"A"
9250,"a"
9251,"R"
9252,"I"
9253,"I"
9254,"M"
9255,"O"
9256,"E"
9257,"E"
9258,"A"
9259,"R"
9260,"L"
9261,"M"
9262,"T"
9263,"G"
9264,"T"
9265,"A"
9266,"u"
9267,"T"
9268,"O"
9269,"I"
9270,"E"
9271,"I"
9272,"R"
9273,"T"
9274,"N"
9275,"R"
9276,"3"
9277,"L"
9278,"E"
9279,"U"
9280,"L"
9281,"I"
9282,"E"
9283,"e"
9284,"A"
9285,"e"
9286,"n"
9287,"A"
9288,"A"
9289,"A"
9290,"O"
9291,"S"
9292,"N"
9293,"A"
9294,"Y"
9295,"E"
9296,"h"
9297,"C"
9298,"E"
9299,"T"
9300,"T"
9301,"A"
9302,"r"
9303,"O"
9304,"A"
9305,"n"
9306,"A"
9307,"n"
9308,"3"
9309,"n"
9310,"I"
9311,"I"
9312,"E"
9313,"E"
9314,"d"
9315,"i"
9316,"A"
9317,"E"
9318,"A"
9319,"E"
9320,"A"
9321,"R"
9322,"N"
9323,"E"
9324,"S"
9325,"B"
9326,"H"
9327,"E"
9328,"O"
9329,"n"
9330,"R"
9331,"e"
9332,"L"
9333,"N"
9334,"M"
9335,"I"
9336,"i"
9337,"E"
9338,"I"
9339,"e"
9340,"N"
9341,"E"
9342,"R"
9343,"H"
9344,"6"
9345,"O"
9346,"A"
9347,"O"
9348,"T"
9349,"E"
9350,"T"
9351,"I"
9352,"O"
9353,"E"
9354,"A"
9355,"N"
9356,"A"
9357,"E"
9358,"O"
9359,"R"
9360,"R"
9361,"A"
9362,"O"
9363,"I"
9364,"a"
9365,"R"
9366,"a"
9367,"A"
9368,"T"
9369,"a"
9370,"a"
9371,"H"
9372,"O"
9373,"L"
9374,"D"
9375,"I"
9376,"C"
9377,"E"
9378,"S"
9379,"N"
9380,"A"
9381,"E"
9382,"S"
9383,"a"
9384,"S"
9385,"O"
9386,"2"
9387,"3"
9388,"F"
9389,"N"
9390,"m"
9391,"E"
9392,"I"
9393,"e"
9394,"R"
9395,"L"
9396,"C"
9397,"T"
9398,"E"
9399,"2"
9400,"N"
9401,"P"
9402,"e"
9403,"S"
9404,"e"
9405,"O"
9406,"O"
9407,"O"
9408,"S"
9409,"L"
9410,"E"
9411,"A"
9412,"E"
9413,"I"
9414,"S"
9415,"r"
9416,"A"
9417,"B"
9418,"O"
9419,"O"
9420,"S"
9421,"E"
9422,"H"
9423,"A"
9424,"O"
9425,"N"
9426,"G"
9427,"i"
9428,"A"
9429,"E"
9430,"T"
9431,"r"
9432,"a"
9433,"O"
9434,"R"
9435,"E"
9436,"L"
9437,"e"
9438,"n"
9439,"r"
9440,"E"
9441,"s"
9442,"N"
9443,"R"
9444,"L"
9445,"I"
9446,"2"
9447,"R"
9448,"R"
9449,"E"
9450,"A"
9451,"c"
9452,"A"
9453,"A"
9454,"O"
9455,"N"
9456,"O"
9457,"a"
9458,"O"
9459,"N"
9460,"A"
9461,"I"
9462,"N"
9463,"I"
9464,"G"
9465,"E"
9466,"A"
9467,"E"
9468,"B"
9469,"E"
9470,"t"
9471,"A"
9472,"R"
9473,"E"
9474,"l"
9475,"N"
9476,"O"
9477,"e"
9478,"A"
9479,"a"
9480,"P"
9481,"A"
9482,"I"
9483,"D"
9484,"T"
9485,"A"
9486,"H"
9487,"N"
9488,"S"
9489,"A"
9490,"O"
9491,"h"
9492,"E"
9493,"N"
9494,"S"
9495,"S"
9496,"S"
9497,"E"
9498,"A"
9499,"R"
9500,"O"
9501,"N"
9502,"C"
9503,"C"
9504,"C"
9505,"A"
9506,"7"
9507,"A"
9508,"S"
9509,"I"
9510,"N"
9511,"R"
9512,"a"
9513,"E"
9514,"A"
9515,"3"
9516,"N"
9517,"G"
9518,"A"
9519,"E"
9520,"I"
9521,"D"
9522,"P"
9523,"t"
9524,"A"
9525,"N"
9526,"R"
9527,"N"
9528,"R"
9529,"I"
9530,"E"
9531,"L"
9532,"M"
9533,"I"
9534,"I"
9535,"E"
9536,"H"
9537,"I"
9538,"T"
9539,"E"
9540,"T"
9541,"E"
9542,"T"
9543,"O"
9544,"a"
9545,"C"
9546,"E"
9547,"D"
9548,"a"
9549,"R"
9550,"E"
9551,"R"
9552,"a"
9553,"T"
9554,"R"
9555,"S"
9556,"E"
9557,"O"
9558,"S"
9559,"e"
9560,"3"
9561,"C"
9562,"H"
9563,"R"
9564,"A"
9565,"A"
9566,"A"
9567,"T"
9568,"R"
9569,"A"
9570,"y"
9571,"e"
9572,"C"
9573,"I"
9574,"N"
9575,"I"
9576,"Y"
9577,"I"
9578,"S"
9579,"N"
9580,"I"
9581,"E"
9582,"d"
9583,"A"
9584,"H"
9585,"A"
9586,"L"
9587,"O"
9588,"O"
9589,"O"
9590,"t"
9591,"P"
9592,"N"
9593,"A"
9594,"O"
9595,"C"
9596,"O"
9597,"R"
9598,"i"
9599,"N"
9600,"E"
9601,"N"
9602,"E"
9603,"e"
9604,"O"
9605,"2"
9606,"1"
9607,"A"
9608,"C"
9609,"T"
9610,"h"
9611,"T"
9612,"R"
9613,"A"
9614,"L"
9615,"A"
9616,"n"
9617,"U"
9618,"R"
9619,"S"
9620,"O"
9621,"A"
9622,"O"
9623,"O"
9624,"A"
9625,"l"
9626,"T"
9627,"I"
9628,"C"
9629,"A"
9630,"N"
9631,"I"
9632,"o"
9633,"e"
9634,"C"
9635,"A"
9636,"R"
9637,"N"
9638,"A"
9639,"E"
9640,"e"
9641,"r"
9642,"I"
9643,"a"
9644,"O"
9645,"O"
9646,"O"
9647,"E"
9648,"E"
9649,"n"
9650,"I"
9651,"T"
9652,"e"
9653,"I"
9654,"p"
9655,"E"
9656,"I"
9657,"A"
9658,"A"
9659,"R"
9660,"C"
9661,"T"
9662,"a"
9663,"M"
9664,"A"
9665,"T"
9666,"l"
9667,"n"
9668,"t"
9669,"I"
9670,"M"
9671,"a"
9672,"h"
9673,"A"
9674,"D"
9675,"t"
9676,"E"
9677,"T"
9678,"U"
9679,"E"
9680,"E"
9681,"S"
9682,"R"
9683,"P"
9684,"D"
9685,"A"
9686,"E"
9687,"S"
9688,"A"
9689,"O"
9690,"T"
9691,"r"
9692,"e"
9693,"G"
9694,"T"
9695,"O"
9696,"A"
9697,"E"
9698,"N"
9699,"1"
9700,"I"
9701,"L"
9702,"A"
9703,"r"
9704,"L"
9705,"I"
9706,"E"
9707,"T"
9708,"e"
9709,"R"
9710,"C"
9711,"I"
9712,"O"
9713,"I"
9714,"E"
9715,"I"
9716,"e"
9717,"I"
9718,"E"
9719,"N"
9720,"P"
9721,"E"
9722,"O"
9723,"W"
9724,"A"
9725,"T"
9726,"T"
9727,"0"
9728,"A"
9729,"e"
9730,"C"
9731,"A"
9732,"0"
9733,"E"
9734,"a"
9735,"R"
9736,"A"
9737,"D"
9738,"E"
9739,"T"
9740,"h"
9741,"A"
9742,"R"
9743,"n"
9744,"A"
9745,"N"
9746,"A"
9747,"s"
9748,"S"
9749,"T"
9750,"A"
9751,"R"
9752,"M"
9753,"A"
9754,"N"
9755,"N"
9756,"N"
9757,"I"
9758,"O"
9759,"S"
9760,"S"
9761,"l"
9762,"e"
9763,"R"
9764,"R"
9765,"T"
9766,"R"
9767,"I"
9768,"N"
9769,"I"
9770,"I"
9771,"r"
9772,"S"
9773,"t"
9774,"e"
9775,"I"
9776,"E"
9777,"E"
9778,"7"
9779,"t"
9780,"T"
9781,"O"
9782,"A"
9783,"O"
9784,"I"
9785,"L"
9786,"A"
9787,"a"
9788,"a"
9789,"1"
9790,"b"
9791,"N"
9792,"O"
9793,"T"
9794,"A"
9795,"N"
9796,"I"
9797,"r"
9798,"N"
9799,"I"
9800,"L"
9801,"R"
9802,"R"
9803,"8"
9804,"I"
9805,"H"
9806,"A"
9807,"L"
9808,"C"
9809,"A"
9810,"R"
9811,"T"
9812,"R"
9813,"L"
9814,"I"
9815,"S"
9816,"r"
9817,"A"
9818,"i"
9819,"A"
9820,"M"
9821,"D"
9822,"N"
9823,"N"
9824,"0"
9825,"A"
9826,"R"
9827,"E"
9828,"S"
9829,"R"
9830,"D"
9831,"E"
9832,"T"
9833,"A"
9834,"U"
9835,"l"
9836,"O"
9837,"I"
9838,"n"
9839,"A"
9840,"I"
9841,"i"
9842,"R"
9843,"I"
9844,"t"
9845,"a"
9846,"A"
9847,"D"
9848,"R"
9849,"A"
9850,"C"
9851,"O"
9852,"R"
9853,"M"
9854,"A"
9855,"H"
9856,"O"
9857,"I"
9858,"A"
9859,"I"
9860,"I"
9861,"S"
9862,"E"
9863,"E"
9864,"n"
9865,"e"
9866,"R"
9867,"C"
9868,"S"
9869,"A"
9870,"I"
9871,"E"
9872,"N"
9873,"T"
9874,"R"
9875,"o"
9876,"Y"
9877,"O"
9878,"O"
9879,"2"
9880,"E"
9881,"R"
9882,"A"
9883,"A"
9884,"S"
9885,"e"
9886,"7"
9887,"U"
9888,"O"
9889,"E"
9890,"E"
9891,"A"
9892,"G"
9893,"O"
9894,"H"
9895,"O"
9896,"i"
9897,"I"
9898,"D"
9899,"O"
9900,"A"
9901,"A"
9902,"E"
9903,"N"
9904,"e"
9905,"A"
9906,"T"
9907,"I"
9908,"S"
9909,"n"
9910,"A"
9911,"5"
9912,"a"
9913,"A"
9914,"E"
9915,"R"
9916,"R"
9917,"A"
9918,"A"
9919,"E"
9920,"T"
9921,"R"
9922,"R"
9923,"I"
9924,"n"
9925,"E"
9926,"E"
9927,"X"
9928,"R"
9929,"A"
9930,"e"
9931,"I"
9932,"S"
9933,"O"
9934,"C"
9935,"A"
9936,"A"
9937,"R"
9938,"C"
9939,"O"
9940,"I"
9941,"F"
9942,"I"
9943,"E"
9944,"E"
9945,"N"
9946,"t"
9947,"I"
9948,"R"
9949,"r"
9950,"V"
9951,"S"
9952,"R"
9953,"I"
9954,"I"
9955,"2"
9956,"E"
9957,"a"
9958,"T"
9959,"e"
9960,"r"
9961,"r"
9962,"A"
9963,"S"
9964,"E"
9965,"M"
9966,"I"
9967,"I"
9968,"T"
9969,"R"
9970,"O"
9971,"o"
9972,"N"
9973,"O"
9974,"A"
9975,"E"
9976,"N"
9977,"i"
9978,"T"
9979,"N"
9980,"T"
9981,"L"
9982,"S"
9983,"R"
9984,"S"
9985,"E"
9986,"A"
9987,"t"
9988,"R"
9989,"A"
9990,"I"
9991,"S"
9992,"T"
9993,"A"
9994,"M"
9995,"A"
9996,"D"
9997,"S"
9998,"T"
9999,"n"
10000,"T"
10001,"E"
10002,"M"
10003,"T"
10004,"o"
10005,"T"
10006,"R"
10007,"S"
10008,"E"
10009,"D"
10010,"n"
10011,"I"
10012,"E"
10013,"R"
10014,"L"
10015,"6"
10016,"S"
10017,"2"
10018,"I"
10019,"R"
10020,"K"
10021,"R"
10022,"S"
10023,"H"
10024,"N"
10025,"0"
10026,"O"
10027,"O"
10028,"C"
10029,"P"
10030,"L"
10031,"C"
10032,"E"
10033,"n"
10034,"A"
10035,"M"
10036,"R"
10037,"C"
10038,"C"
10039,"R"
10040,"T"
10041,"U"
10042,"E"
10043,"A"
10044,"I"
10045,"O"
10046,"R"
10047,"A"
10048,"N"
10049,"n"
10050,"o"
10051,"C"
10052,"N"
10053,"E"
10054,"R"
10055,"E"
10056,"O"
10057,"I"
10058,"T"
10059,"C"
10060,"L"
10061,"P"
10062,"o"
10063,"N"
10064,"E"
10065,"E"
10066,"I"
10067,"E"
10068,"O"
10069,"R"
10070,"N"
10071,"n"
10072,"D"
10073,"O"
10074,"S"
10075,"L"
10076,"G"
10077,"a"
10078,"p"
10079,"A"
10080,"H"
10081,"E"
10082,"E"
10083,"C"
10084,"o"
10085,"C"
10086,"N"
10087,"R"
10088,"N"
10089,"S"
10090,"T"
10091,"S"
10092,"E"
10093,"O"
10094,"A"
10095,"T"
10096,"a"
10097,"D"
10098,"A"
10099,"A"
10100,"D"
10101,"E"
10102,"D"
10103,"S"
10104,"R"
10105,"o"
10106,"B"
10107,"O"
10108,"A"
10109,"T"
10110,"N"
10111,"a"
10112,"W"
10113,"I"
10114,"E"
10115,"o"
10116,"N"
10117,"a"
10118,"I"
10119,"E"
10120,"T"
10121,"P"
10122,"O"
10123,"E"
10124,"C"
10125,"N"
10126,"O"
10127,"S"
10128,"P"
10129,"0"
10130,"e"
10131,"L"
10132,"8"
10133,"E"
10134,"I"
10135,"A"
10136,"F"
10137,"M"
10138,"O"
10139,"A"
10140,"A"
10141,"L"
10142,"A"
10143,"C"
10144,"l"
10145,"I"
10146,"A"
10147,"E"
10148,"L"
10149,"r"
10150,"S"
10151,"H"
10152,"A"
10153,"S"
10154,"t"
10155,"T"
10156,"A"
10157,"N"
10158,"l"
10159,"I"
10160,"R"
10161,"E"
10162,"H"
10163,"O"
10164,"O"
10165,"M"
10166,"A"
10167,"O"
10168,"S"
10169,"E"
10170,"S"
10171,"R"
10172,"I"
10173,"R"
10174,"A"
10175,"t"
10176,"o"
10177,"R"
10178,"P"
10179,"T"
10180,"r"
10181,"O"
10182,"H"
10183,"R"
10184,"S"
10185,"D"
10186,"e"
10187,"O"
10188,"M"
10189,"I"
10190,"a"
10191,"L"
10192,"L"
10193,"e"
10194,"T"
10195,"A"
10196,"R"
10197,"T"
10198,"a"
10199,"r"
10200,"L"
10201,"S"
10202,"R"
10203,"N"
10204,"E"
10205,"I"
10206,"A"
10207,"L"
10208,"E"
10209,"T"
10210,"R"
10211,"L"
10212,"P"
10213,"C"
10214,"N"
10215,"5"
10216,"H"
10217,"C"
10218,"e"
10219,"M"
10220,"R"
10221,"O"
10222,"O"
10223,"S"
10224,"A"
10225,"D"
10226,"P"
10227,"V"
10228,"R"
10229,"A"
10230,"E"
10231,"r"
10232,"A"
10233,"L"
10234,"h"
10235,"S"
10236,"A"
10237,"T"
10238,"m"
10239,"I"
10240,"I"
10241,"E"
10242,"D"
10243,"V"
10244,"r"
10245,"S"
10246,"P"
10247,"E"
10248,"e"
10249,"D"
10250,"T"
10251,"I"
10252,"C"
10253,"M"
10254,"O"
10255,"L"
10256,"O"
10257,"I"
10258,"r"
10259,"r"
10260,"A"
10261,"A"
10262,"A"
10263,"A"
10264,"E"
10265,"A"
10266,"O"
10267,"S"
10268,"D"
10269,"O"
10270,"M"
10271,"N"
10272,"A"
10273,"P"
10274,"H"
10275,"T"
10276,"O"
10277,"N"
10278,"E"
10279,"A"
10280,"N"
10281,"O"
10282,"I"
10283,"A"
10284,"R"
10285,"a"
10286,"P"
10287,"S"
10288,"a"
10289,"O"
10290,"O"
10291,"L"
10292,"T"
10293,"E"
10294,"a"
10295,"I"
10296,"D"
10297,"O"
10298,"E"
10299,"A"
10300,"N"
10301,"L"
10302,"3"
10303,"T"
10304,"D"
10305,"5"
10306,"E"
10307,"V"
10308,"I"
10309,"o"
10310,"N"
10311,"N"
10312,"I"
10313,"O"
10314,"S"
10315,"m"
10316,"I"
10317,"N"
10318,"E"
10319,"C"
10320,"r"
10321,"I"
10322,"T"
10323,"r"
10324,"O"
10325,"E"
10326,"R"
10327,"I"
10328,"N"
10329,"D"
10330,"T"
10331,"V"
10332,"R"
10333,"I"
10334,"9"
10335,"i"
10336,"A"
10337,"R"
10338,"6"
10339,"l"
10340,"6"
10341,"T"
10342,"O"
10343,"A"
10344,"I"
10345,"R"
10346,"o"
10347,"R"
10348,"O"
10349,"T"
10350,"n"
10351,"a"
10352,"A"
10353,"O"
10354,"I"
10355,"5"
10356,"A"
10357,"S"
10358,"H"
10359,"C"
10360,"A"
10361,"P"
10362,"I"
10363,"I"
10364,"S"
10365,"I"
10366,"T"
10367,"r"
10368,"A"
10369,"T"
10370,"I"
10371,"n"
10372,"T"
10373,"O"
10374,"R"
10375,"E"
10376,"t"
10377,"U"
10378,"I"
10379,"S"
10380,"T"
10381,"e"
10382,"S"
10383,"T"
10384,"P"
10385,"I"
10386,"T"
10387,"S"
10388,"R"
10389,"S"
10390,"s"
10391,"S"
10392,"R"
10393,"S"
10394,"A"
10395,"M"
10396,"E"
10397,"I"
10398,"o"
10399,"E"
10400,"F"
10401,"O"
10402,"I"
10403,"R"
10404,"e"
10405,"I"
10406,"N"
10407,"A"
10408,"T"
10409,"H"
10410,"O"
10411,"h"
10412,"S"
10413,"T"
10414,"E"
10415,"i"
10416,"N"
10417,"t"
10418,"3"
10419,"D"
10420,"t"
10421,"T"
10422,"R"
10423,"O"
10424,"S"
10425,"M"
10426,"N"
10427,"E"
10428,"A"
10429,"E"
10430,"M"
10431,"C"
10432,"A"
10433,"I"
10434,"a"
10435,"V"
10436,"T"
10437,"A"
10438,"D"
10439,"I"
10440,"C"
10441,"P"
10442,"I"
10443,"0"
10444,"L"
10445,"A"
10446,"I"
10447,"C"
10448,"E"
10449,"R"
10450,"I"
10451,"e"
10452,"R"
10453,"J"
10454,"A"
10455,"C"
10456,"E"
10457,"R"
10458,"E"
10459,"O"
10460,"S"
10461,"L"
10462,"1"
10463,"A"
10464,"A"
10465,"Y"
10466,"I"
10467,"O"
10468,"T"
10469,"o"
10470,"0"
10471,"A"
10472,"C"
10473,"A"
10474,"e"
10475,"O"
10476,"M"
10477,"A"
10478,"A"
10479,"I"
10480,"A"
10481,"U"
10482,"H"
10483,"I"
10484,"A"
10485,"T"
10486,"E"
10487,"H"
10488,"E"
10489,"E"
10490,"A"
10491,"A"
10492,"S"
10493,"O"
10494,"D"
10495,"I"
10496,"O"
10497,"E"
10498,"R"
10499,"T"
10500,"U"
10501,"U"
10502,"E"
10503,"U"
10504,"R"
10505,"L"
10506,"T"
10507,"R"
10508,"A"
10509,"e"
10510,"R"
10511,"I"
10512,"J"
10513,"P"
10514,"0"
10515,"y"
10516,"U"
10517,"i"
10518,"e"
10519,"R"
10520,"N"
10521,"M"
10522,"5"
10523,"U"
10524,"R"
10525,"l"
10526,"H"
10527,"O"
10528,"t"
10529,"N"
10530,"8"
10531,"R"
10532,"A"
10533,"F"
10534,"S"
10535,"o"
10536,"i"
10537,"E"
10538,"t"
10539,"A"
10540,"n"
10541,"E"
10542,"S"
10543,"i"
10544,"A"
10545,"w"
10546,"O"
10547,"5"
10548,"O"
10549,"A"
10550,"N"
10551,"L"
10552,"E"
10553,"9"
10554,"N"
10555,"I"
10556,"N"
10557,"A"
10558,"T"
10559,"L"
10560,"R"
10561,"I"
10562,"D"
10563,"V"
10564,"b"
10565,"E"
10566,"e"
10567,"v"
10568,"R"
10569,"M"
10570,"E"
10571,"n"
10572,"A"
10573,"r"
10574,"R"
10575,"A"
10576,"t"
10577,"R"
10578,"E"
10579,"P"
10580,"T"
10581,"C"
10582,"S"
10583,"I"
10584,"2"
10585,"a"
10586,"E"
10587,"O"
10588,"T"
10589,"n"
10590,"S"
10591,"R"
10592,"0"
10593,"N"
10594,"O"
10595,"A"
10596,"E"
10597,"P"
10598,"a"
10599,"a"
10600,"S"
10601,"S"
10602,"A"
10603,"V"
10604,"n"
10605,"t"
10606,"T"
10607,"G"
10608,"L"
10609,"O"
10610,"R"
10611,"E"
10612,"O"
10613,"E"
10614,"T"
10615,"E"
10616,"u"
10617,"s"
10618,"O"
10619,"O"
10620,"T"
10621,"r"
10622,"L"
10623,"S"
10624,"S"
10625,"E"
10626,"S"
10627,"E"
10628,"R"
10629,"N"
10630,"X"
10631,"O"
10632,"A"
10633,"r"
10634,"C"
10635,"r"
10636,"E"
10637,"E"
10638,"a"
10639,"S"
10640,"I"
10641,"a"
10642,"H"
10643,"I"
10644,"S"
10645,"T"
10646,"e"
10647,"S"
10648,"T"
10649,"O"
10650,"L"
10651,"N"
10652,"h"
10653,"i"
10654,"n"
10655,"C"
10656,"A"
10657,"D"
10658,"R"
10659,"r"
10660,"R"
10661,"i"
10662,"N"
10663,"2"
10664,"S"
10665,"N"
10666,"C"
10667,"H"
10668,"C"
10669,"A"
10670,"I"
10671,"L"
10672,"I"
10673,"M"
10674,"E"
10675,"S"
10676,"S"
10677,"U"
10678,"I"
10679,"S"
10680,"R"
10681,"M"
10682,"R"
10683,"D"
10684,"t"
10685,"R"
10686,"R"
10687,"e"
10688,"A"
10689,"P"
10690,"O"
10691,"O"
10692,"I"
10693,"L"
10694,"A"
10695,"I"
10696,"e"
10697,"F"
10698,"e"
10699,"B"
10700,"A"
10701,"I"
10702,"A"
10703,"M"
10704,"N"
10705,"T"
10706,"I"
10707,"N"
10708,"e"
10709,"S"
10710,"e"
10711,"A"
10712,"E"
10713,"I"
10714,"I"
10715,"R"
10716,"0"
10717,"N"
10718,"K"
10719,"M"
10720,"A"
10721,"0"
10722,"S"
10723,"T"
10724,"I"
10725,"T"
10726,"N"
10727,"I"
10728,"A"
10729,"L"
10730,"C"
10731,"T"
10732,"E"
10733,"e"
10734,"N"
10735,"C"
10736,"A"
10737,"O"
10738,"O"
10739,"O"
10740,"S"
10741,"r"
10742,"T"
10743,"A"
10744,"O"
10745,"T"
10746,"A"
10747,"T"
10748,"E"
10749,"C"
10750,"G"
10751,"A"
10752,"E"
10753,"r"
10754,"I"
10755,"R"
10756,"N"
10757,"A"
10758,"P"
10759,"I"
10760,"I"
10761,"C"
10762,"A"
10763,"P"
10764,"A"
10765,"C"
10766,"G"
10767,"N"
10768,"R"
10769,"I"
10770,"R"
10771,"A"
10772,"T"
10773,"I"
10774,"R"
10775,"E"
10776,"T"
10777,"I"
10778,"n"
10779,"N"
10780,"E"
10781,"N"
10782,"I"
10783,"R"
10784,"E"
10785,"A"
10786,"R"
10787,"O"
10788,"S"
10789,"r"
10790,"N"
10791,"E"
10792,"m"
10793,"E"
10794,"X"
10795,"I"
10796,"M"
10797,"G"
10798,"M"
10799,"E"
10800,"B"
10801,"O"
10802,"T"
10803,"C"
10804,"t"
10805,"R"
10806,"O"
10807,"R"
10808,"C"
10809,"I"
10810,"M"
10811,"f"
10812,"6"
10813,"E"
10814,"L"
10815,"A"
10816,"E"
10817,"R"
10818,"O"
10819,"I"
10820,"t"
10821,"R"
10822,"R"
10823,"R"
10824,"O"
10825,"A"
10826,"P"
10827,"L"
10828,"E"
10829,"R"
10830,"T"
10831,"O"
10832,"I"
10833,"S"
10834,"n"
10835,"s"
10836,"r"
10837,"A"
10838,"e"
10839,"r"
10840,"n"
10841,"H"
10842,"V"
10843,"T"
10844,"a"
10845,"A"
10846,"I"
10847,"M"
10848,"I"
10849,"E"
10850,"C"
10851,"A"
10852,"e"
10853,"A"
10854,"E"
10855,"i"
10856,"E"
10857,"O"
10858,"O"
10859,"N"
10860,"E"
10861,"A"
10862,"R"
10863,"T"
10864,"O"
10865,"A"
10866,"E"
10867,"B"
10868,"7"
10869,"A"
10870,"I"
10871,"I"
10872,"D"
10873,"G"
10874,"a"
10875,"E"
10876,"S"
10877,"t"
10878,"h"
10879,"n"
10880,"A"
10881,"N"
10882,"A"
10883,"R"
10884,"E"
10885,"s"
10886,"P"
10887,"R"
10888,"P"
10889,"R"
10890,"R"
10891,"T"
10892,"l"
10893,"S"
10894,"N"
10895,"T"
10896,"E"
10897,"C"
10898,"A"
10899,"C"
10900,"I"
10901,"R"
10902,"D"
10903,"i"
10904,"n"
10905,"O"
10906,"R"
10907,"R"
10908,"E"
10909,"r"
10910,"N"
10911,"I"
10912,"l"
10913,"D"
10914,"N"
10915,"T"
10916,"r"
10917,"M"
10918,"I"
10919,"l"
10920,"P"
10921,"K"
10922,"T"
10923,"A"
10924,"I"
10925,"I"
10926,"N"
10927,"L"
10928,"O"
10929,"I"
10930,"a"
10931,"O"
10932,"D"
10933,"S"
10934,"L"
10935,"H"
10936,"A"
10937,"R"
10938,"f"
10939,"t"
10940,"S"
10941,"O"
10942,"N"
10943,"N"
10944,"E"
10945,"O"
10946,"r"
10947,"r"
10948,"A"
10949,"n"
10950,"C"
10951,"C"
10952,"E"
10953,"T"
10954,"A"
10955,"T"
10956,"E"
10957,"A"
10958,"6"
10959,"e"
10960,"O"
10961,"A"
10962,"A"
10963,"A"
10964,"N"
10965,"T"
10966,"S"
10967,"O"
10968,"A"
10969,"N"
10970,"A"
10971,"C"
10972,"E"
10973,"E"
10974,"E"
10975,"N"
10976,"n"
10977,"A"
10978,"O"
10979,"R"
10980,"T"
10981,"t"
10982,"S"
10983,"C"
10984,"I"
10985,"O"
10986,"A"
10987,"H"
10988,"M"
10989,"2"
10990,"O"
10991,"T"
10992,"r"
10993,"e"
10994,"6"
10995,"O"
10996,"o"
10997,"R"
10998,"D"
10999,"S"
11000,"A"
11001,"T"
11002,"A"
11003,"C"
11004,"o"
11005,"R"
11006,"A"
11007,"O"
11008,"I"
11009,"O"
11010,"N"
11011,"T"
11012,"R"
11013,"A"
11014,"A"
11015,"N"
11016,"S"
11017,"N"
11018,"O"
11019,"A"
11020,"S"
11021,"E"
11022,"r"
11023,"T"
11024,"a"
11025,"T"
11026,"S"
11027,"M"
11028,"R"
11029,"O"
11030,"r"
11031,"N"
11032,"T"
11033,"S"
11034,"C"
11035,"E"
11036,"E"
11037,"C"
11038,"I"
11039,"i"
11040,"r"
11041,"A"
11042,"A"
11043,"R"
11044,"A"
11045,"m"
11046,"O"
11047,"E"
11048,"A"
11049,"N"
11050,"O"
11051,"C"
11052,"I"
11053,"O"
11054,"P"
11055,"t"
11056,"G"
11057,"E"
11058,"R"
11059,"A"
11060,"A"
11061,"r"
11062,"T"
11063,"H"
11064,"V"
11065,"O"
11066,"n"
11067,"O"
11068,"R"
11069,"S"
11070,"L"
11071,"c"
11072,"K"
11073,"I"
11074,"E"
11075,"N"
11076,"r"
11077,"e"
11078,"4"
11079,"E"
11080,"A"
11081,"L"
11082,"L"
11083,"N"
11084,"N"
11085,"n"
11086,"t"
11087,"H"
11088,"C"
11089,"a"
11090,"K"
11091,"T"
11092,"E"
11093,"N"
11094,"T"
11095,"r"
11096,"T"
11097,"O"
11098,"I"
11099,"i"
11100,"y"
11101,"n"
11102,"A"
11103,"R"
11104,"C"
11105,"N"
11106,"e"
11107,"L"
11108,"T"
11109,"e"
11110,"E"
11111,"A"
11112,"E"
11113,"N"
11114,"N"
11115,"R"
11116,"h"
11117,"G"
11118,"S"
11119,"D"
11120,"3"
11121,"R"
11122,"A"
11123,"A"
11124,"E"
11125,"I"
11126,"R"
11127,"T"
11128,"O"
11129,"D"
11130,"e"
11131,"n"
11132,"L"
11133,"T"
11134,"T"
11135,"N"
11136,"P"
11137,"O"
11138,"i"
11139,"A"
11140,"E"
11141,"D"
11142,"I"
11143,"O"
11144,"L"
11145,"n"
11146,"S"
11147,"F"
11148,"H"
11149,"O"
11150,"O"
11151,"N"
11152,"1"
11153,"F"
11154,"v"
11155,"a"
11156,"M"
11157,"E"
11158,"A"
11159,"H"
11160,"C"
11161,"I"
11162,"E"
11163,"S"
11164,"o"
11165,"E"
11166,"A"
11167,"E"
11168,"O"
11169,"A"
11170,"A"
11171,"I"
11172,"E"
11173,"S"
11174,"a"
11175,"e"
11176,"R"
11177,"A"
11178,"A"
11179,"H"
11180,"T"
11181,"v"
11182,"O"
11183,"S"
11184,"M"
11185,"r"
11186,"O"
11187,"o"
11188,"O"
11189,"A"
11190,"L"
11191,"C"
11192,"A"
11193,"O"
11194,"R"
11195,"I"
11196,"R"
11197,"A"
11198,"e"
11199,"v"
11200,"G"
11201,"e"
11202,"A"
11203,"T"
11204,"N"
11205,"I"
11206,"G"
11207,"E"
11208,"N"
11209,"A"
11210,"U"
11211,"N"
11212,"A"
11213,"N"
11214,"e"
11215,"a"
11216,"E"
11217,"N"
11218,"E"
11219,"R"
11220,"A"
11221,"o"
11222,"R"
11223,"E"
11224,"E"
11225,"O"
11226,"U"
11227,"t"
11228,"O"
11229,"D"
11230,"R"
11231,"z"
11232,"N"
11233,"I"
11234,"A"
11235,"E"
11236,"R"
11237,"O"
11238,"O"
11239,"a"
11240,"I"
11241,"L"
11242,"R"
11243,"a"
11244,"I"
11245,"O"
11246,"G"
11247,"M"
11248,"R"
11249,"n"
11250,"R"
11251,"O"
11252,"S"
11253,"E"
11254,"i"
11255,"O"
11256,"P"
11257,"o"
11258,"I"
11259,"E"
11260,"O"
11261,"N"
11262,"D"
11263,"r"
11264,"n"
11265,"n"
11266,"E"
11267,"E"
11268,"R"
11269,"a"
11270,"A"
11271,"C"
11272,"C"
11273,"L"
11274,"E"
11275,"y"
11276,"G"
11277,"D"
11278,"R"
11279,"R"
11280,"t"
11281,"E"
11282,"A"
11283,"I"
11284,"S"
11285,"E"
11286,"T"
11287,"I"
11288,"M"
11289,"r"
11290,"I"
11291,"R"
11292,"S"
11293,"D"
11294,"R"
11295,"A"
11296,"T"
11297,"L"
11298,"0"
11299,"A"
11300,"P"
11301,"D"
11302,"N"
11303,"R"
11304,"I"
11305,"A"
11306,"D"
11307,"N"
11308,"r"
11309,"E"
11310,"A"
11311,"E"
11312,"B"
11313,"I"
11314,"G"
11315,"0"
11316,"I"
11317,"U"
11318,"o"
11319,"M"
11320,"E"
11321,"O"
11322,"R"
11323,"I"
11324,"E"
11325,"M"
11326,"S"
11327,"T"
11328,"H"
11329,"O"
11330,"T"
11331,"S"
11332,"A"
11333,"D"
11334,"T"
11335,"O"
11336,"S"
11337,"A"
11338,"i"
11339,"O"
11340,"O"
11341,"v"
11342,"e"
11343,"l"
11344,"i"
11345,"A"
11346,"r"
11347,"o"
11348,"S"
11349,"O"
11350,"S"
11351,"O"
11352,"T"
11353,"C"
11354,"A"
11355,"y"
11356,"C"
11357,"e"
11358,"C"
11359,"D"
11360,"N"
11361,"T"
11362,"T"
11363,"A"
11364,"C"
11365,"I"
11366,"R"
11367,"A"
11368,"S"
11369,"R"
11370,"A"
11371,"a"
11372,"L"
11373,"i"
11374,"h"
11375,"0"
11376,"R"
11377,"R"
11378,"A"
11379,"A"
11380,"C"
11381,"A"
11382,"S"
11383,"e"
11384,"R"
11385,"6"
11386,"I"
11387,"e"
11388,"E"
11389,"R"
11390,"I"
11391,"L"
11392,"D"
11393,"P"
11394,"A"
11395,"N"
11396,"n"
11397,"O"
11398,"R"
11399,"O"
11400,"N"
11401,"T"
11402,"l"
11403,"L"
11404,"I"
11405,"D"
11406,"o"
11407,"I"
11408,"N"
11409,"H"
11410,"U"
11411,"A"
11412,"I"
11413,"O"
11414,"C"
11415,"T"
11416,"S"
11417,"r"
11418,"e"
11419,"U"
11420,"H"
11421,"O"
11422,"A"
11423,"A"
11424,"e"
11425,"I"
11426,"E"
11427,"A"
11428,"N"
11429,"T"
11430,"N"
11431,"R"
11432,"L"
11433,"h"
11434,"O"
11435,"S"
11436,"E"
11437,"E"
11438,"A"
11439,"E"
11440,"O"
11441,"R"
11442,"A"
11443,"A"
11444,"A"
11445,"r"
11446,"N"
11447,"E"
11448,"N"
11449,"n"
11450,"E"
11451,"T"
11452,"E"
11453,"E"
11454,"S"
11455,"P"
11456,"Y"
11457,"a"
11458,"E"
11459,"E"
11460,"S"
11461,"S"
11462,"T"
11463,"A"
11464,"I"
11465,"L"
11466,"I"
11467,"R"
11468,"A"
11469,"D"
11470,"T"
11471,"s"
11472,"S"
11473,"I"
11474,"D"
11475,"A"
11476,"S"
11477,"A"
11478,"R"
11479,"C"
11480,"G"
11481,"o"
11482,"I"
11483,"r"
11484,"S"
11485,"E"
11486,"A"
11487,"N"
11488,"R"
11489,"N"
11490,"a"
11491,"2"
11492,"G"
11493,"D"
11494,"E"
11495,"A"
11496,"C"
11497,"r"
11498,"3"
11499,"2"
11500,"O"
11501,"A"
11502,"E"
11503,"S"
11504,"H"
11505,"e"
11506,"0"
11507,"O"
11508,"i"
11509,"o"
11510,"S"
11511,"Y"
11512,"I"
11513,"O"
11514,"E"
11515,"D"
11516,"O"
11517,"C"
11518,"H"
11519,"c"
11520,"I"
11521,"R"
11522,"M"
11523,"L"
11524,"O"
11525,"J"
11526,"I"
11527,"t"
11528,"O"
11529,"n"
11530,"E"
11531,"A"
11532,"A"
11533,"P"
11534,"A"
11535,"C"
11536,"T"
11537,"a"
11538,"C"
11539,"i"
11540,"U"
11541,"H"
11542,"A"
11543,"R"
11544,"E"
11545,"C"
11546,"E"
11547,"e"
11548,"I"
11549,"O"
11550,"O"
11551,"E"
11552,"I"
11553,"I"
11554,"t"
11555,"I"
11556,"A"
11557,"C"
11558,"R"
11559,"n"
11560,"E"
11561,"S"
11562,"I"
11563,"i"
11564,"A"
11565,"E"
11566,"O"
11567,"A"
11568,"S"
11569,"a"
11570,"C"
11571,"E"
11572,"D"
11573,"T"
11574,"T"
11575,"A"
11576,"0"
11577,"N"
11578,"L"
11579,"S"
11580,"O"
11581,"L"
11582,"o"
11583,"n"
11584,"t"
11585,"I"
11586,"N"
11587,"R"
11588,"O"
11589,"L"
11590,"E"
11591,"E"
11592,"O"
11593,"T"
11594,"O"
11595,"I"
11596,"R"
11597,"N"
11598,"T"
11599,"N"
11600,"T"
11601,"R"
11602,"A"
11603,"O"
11604,"A"
11605,"A"
11606,"A"
11607,"O"
11608,"n"
11609,"S"
11610,"r"
11611,"R"
11612,"E"
11613,"R"
11614,"4"
11615,"r"
11616,"n"
11617,"V"
11618,"A"
11619,"A"
11620,"A"
11621,"C"
11622,"T"
11623,"E"
11624,"R"
11625,"T"
11626,"I"
11627,"o"
11628,"O"
11629,"K"
11630,"T"
11631,"T"
11632,"A"
11633,"S"
11634,"A"
11635,"P"
11636,"A"
11637,"T"
11638,"a"
11639,"S"
11640,"C"
11641,"I"
11642,"T"
11643,"H"
11644,"E"
11645,"T"
11646,"H"
11647,"r"
11648,"C"
11649,"A"
11650,"I"
11651,"T"
11652,"D"
11653,"R"
11654,"O"
11655,"r"
11656,"5"
11657,"O"
11658,"n"
11659,"R"
11660,"O"
11661,"1"
11662,"L"
11663,"E"
11664,"A"
11665,"O"
11666,"S"
11667,"E"
11668,"W"
11669,"C"
11670,"I"
11671,"G"
11672,"V"
11673,"S"
11674,"N"
11675,"i"
11676,"E"
11677,"T"
11678,"A"
11679,"O"
11680,"S"
11681,"n"
11682,"N"
11683,"s"
11684,"e"
11685,"T"
11686,"T"
11687,"t"
11688,"O"
11689,"E"
11690,"C"
11691,"A"
11692,"N"
11693,"A"
11694,"R"
11695,"O"
11696,"A"
11697,"A"
11698,"h"
11699,"N"
11700,"1"
11701,"E"
11702,"E"
11703,"T"
11704,"A"
11705,"A"
11706,"B"
11707,"L"
11708,"a"
11709,"T"
11710,"e"
11711,"C"
11712,"h"
11713,"V"
11714,"C"
11715,"O"
11716,"A"
11717,"I"
11718,"S"
11719,"T"
11720,"e"
11721,"R"
11722,"n"
11723,"A"
11724,"S"
11725,"O"
11726,"R"
11727,"E"
11728,"H"
11729,"e"
11730,"E"
11731,"I"
11732,"3"
11733,"I"
11734,"r"
11735,"C"
11736,"A"
11737,"2"
11738,"I"
11739,"o"
11740,"e"
11741,"I"
11742,"e"
11743,"R"
11744,"S"
11745,"T"
11746,"N"
11747,"E"
11748,"A"
11749,"A"
11750,"H"
11751,"D"
11752,"R"
11753,"T"
11754,"E"
11755,"S"
11756,"A"
11757,"T"
11758,"r"
11759,"I"
11760,"3"
11761,"N"
11762,"N"
11763,"M"
11764,"J"
11765,"e"
11766,"O"
11767,"A"
11768,"I"
11769,"O"
11770,"H"
11771,"N"
11772,"O"
11773,"N"
11774,"O"
11775,"E"
11776,"r"
11777,"N"
11778,"G"
11779,"T"
11780,"R"
11781,"S"
11782,"A"
11783,"N"
11784,"N"
11785,"I"
11786,"E"
11787,"R"
11788,"O"
11789,"A"
11790,"a"
11791,"L"
11792,"L"
11793,"V"
11794,"A"
11795,"i"
11796,"t"
11797,"i"
11798,"L"
11799,"E"
11800,"E"
11801,"N"
11802,"A"
11803,"Y"
11804,"A"
11805,"I"
11806,"I"
11807,"T"
11808,"R"
11809,"K"
11810,"O"
11811,"T"
11812,"E"
11813,"O"
11814,"E"
11815,"M"
11816,"S"
11817,"S"
11818,"Y"
11819,"O"
11820,"N"
11821,"N"
11822,"V"
11823,"n"
11824,"A"
11825,"I"
11826,"t"
11827,"s"
11828,"E"
11829,"G"
11830,"I"
11831,"t"
11832,"I"
11833,"N"
11834,"E"
11835,"a"
11836,"n"
11837,"W"
11838,"O"
11839,"E"
11840,"E"
11841,"a"
11842,"o"
11843,"N"
11844,"E"
11845,"T"
11846,"T"
11847,"R"
11848,"D"
11849,"X"
11850,"R"
11851,"O"
11852,"O"
11853,"A"
11854,"D"
11855,"v"
11856,"I"
11857,"T"
11858,"4"
11859,"D"
11860,"A"
11861,"a"
11862,"T"
11863,"E"
11864,"F"
11865,"I"
11866,"H"
11867,"A"
11868,"r"
11869,"o"
11870,"A"
11871,"I"
11872,"a"
11873,"A"
11874,"C"
11875,"D"
11876,"A"
11877,"O"
11878,"A"
11879,"A"
11880,"N"
11881,"E"
11882,"E"
11883,"N"
11884,"T"
11885,"I"
11886,"S"
11887,"R"
11888,"T"
11889,"M"
11890,"l"
11891,"o"
11892,"T"
11893,"T"
11894,"R"
11895,"N"
11896,"S"
11897,"E"
11898,"O"
11899,"D"
11900,"C"
11901,"s"
11902,"H"
11903,"T"
11904,"I"
11905,"O"
11906,"R"
11907,"A"
11908,"S"
11909,"F"
11910,"L"
11911,"A"
11912,"R"
11913,"E"
11914,"N"
11915,"C"
11916,"S"
11917,"S"
11918,"E"
11919,"M"
11920,"T"
11921,"P"
11922,"V"
11923,"O"
11924,"e"
11925,"M"
11926,"R"
11927,"O"
11928,"L"
11929,"R"
11930,"A"
11931,"O"
11932,"L"
11933,"n"
11934,"3"
11935,"2"
11936,"O"
11937,"A"
11938,"A"
11939,"e"
11940,"C"
11941,"D"
11942,"N"
11943,"A"
11944,"C"
11945,"S"
11946,"A"
11947,"T"
11948,"H"
11949,"O"
11950,"D"
11951,"O"
11952,"A"
11953,"T"
11954,"E"
11955,"D"
11956,"O"
11957,"G"
11958,"I"
11959,"A"
11960,"e"
11961,"D"
11962,"E"
11963,"E"
11964,"R"
11965,"R"
11966,"S"
11967,"r"
11968,"A"
11969,"I"
11970,"T"
11971,"E"
11972,"I"
11973,"s"
11974,"T"
11975,"C"
11976,"I"
11977,"E"
11978,"O"
11979,"A"
11980,"E"
11981,"P"
11982,"R"
11983,"R"
11984,"R"
11985,"O"
11986,"D"
11987,"H"
11988,"D"
11989,"E"
11990,"O"
11991,"A"
11992,"R"
11993,"A"
11994,"A"
11995,"C"
11996,"M"
11997,"T"
11998,"A"
11999,"R"
12000,"T"
12001,"I"
12002,"I"
12003,"W"
12004,"R"
12005,"P"
12006,"A"
12007,"M"
12008,"A"
12009,"e"
12010,"3"
12011,"n"
12012,"L"
12013,"E"
12014,"7"
12015,"P"
12016,"A"
12017,"R"
12018,"R"
12019,"D"
12020,"T"
12021,"i"
12022,"A"
12023,"E"
12024,"S"
12025,"o"
12026,"S"
12027,"N"
12028,"E"
12029,"I"
12030,"e"
12031,"A"
12032,"A"
12033,"I"
12034,"o"
12035,"R"
12036,"a"
12037,"r"
12038,"A"
12039,"E"
12040,"O"
12041,"O"
12042,"E"
12043,"0"
12044,"O"
12045,"M"
12046,"s"
12047,"I"
12048,"R"
12049,"o"
12050,"n"
12051,"E"
12052,"I"
12053,"E"
12054,"S"
12055,"R"
12056,"A"
12057,"H"
12058,"O"
12059,"E"
12060,"D"
12061,"O"
12062,"I"
12063,"X"
12064,"M"
12065,"a"
12066,"e"
12067,"T"
12068,"H"
12069,"I"
12070,"A"
12071,"H"
12072,"C"
12073,"r"
12074,"A"
12075,"O"
12076,"t"
12077,"R"
12078,"T"
12079,"h"
12080,"R"
12081,"E"
12082,"a"
12083,"I"
12084,"S"
12085,"e"
12086,"A"
12087,"E"
12088,"o"
12089,"S"
12090,"I"
12091,"G"
12092,"M"
12093,"I"
12094,"T"
12095,"S"
12096,"L"
12097,"e"
12098,"e"
12099,"R"
12100,"7"
12101,"r"
12102,"e"
12103,"O"
12104,"L"
12105,"I"
12106,"r"
12107,"T"
12108,"E"
12109,"O"
12110,"o"
12111,"A"
12112,"I"
12113,"N"
12114,"N"
12115,"D"
12116,"K"
12117,"E"
12118,"N"
12119,"N"
12120,"t"
12121,"Y"
12122,"L"
12123,"A"
12124,"E"
12125,"T"
12126,"I"
12127,"O"
12128,"S"
12129,"O"
12130,"E"
12131,"O"
12132,"R"
12133,"E"
12134,"E"
12135,"O"
12136,"I"
12137,"U"
12138,"O"
12139,"R"
12140,"A"
12141,"C"
12142,"L"
12143,"N"
12144,"A"
12145,"A"
12146,"E"
12147,"I"
12148,"i"
12149,"E"
12150,"A"
12151,"O"
12152,"E"
12153,"T"
12154,"C"
12155,"r"
12156,"A"
12157,"A"
12158,"O"
12159,"O"
12160,"r"
12161,"A"
12162,"n"
12163,"T"
12164,"o"
12165,"o"
12166,"R"
12167,"O"
12168,"P"
12169,"D"
12170,"S"
12171,"c"
12172,"A"
12173,"I"
12174,"T"
12175,"I"
12176,"S"
12177,"A"
12178,"E"
12179,"O"
12180,"r"
12181,"C"
12182,"A"
12183,"C"
12184,"C"
12185,"B"
12186,"A"
12187,"D"
12188,"l"
12189,"E"
12190,"N"
12191,"a"
12192,"E"
12193,"S"
12194,"E"
12195,"N"
12196,"I"
12197,"O"
12198,"3"
12199,"O"
12200,"A"
12201,"E"
12202,"A"
12203,"R"
12204,"T"
12205,"a"
12206,"A"
12207,"I"
12208,"Y"
12209,"S"
12210,"I"
12211,"I"
12212,"G"
12213,"N"
12214,"N"
12215,"E"
12216,"P"
12217,"R"
12218,"T"
12219,"R"
12220,"m"
12221,"i"
12222,"A"
12223,"N"
12224,"A"
12225,"E"
12226,"J"
12227,"D"
12228,"I"
12229,"S"
12230,"O"
12231,"E"
12232,"e"
12233,"r"
12234,"C"
12235,"E"
12236,"A"
12237,"T"
12238,"A"
12239,"T"
12240,"R"
12241,"R"
12242,"A"
12243,"a"
12244,"P"
12245,"H"
12246,"R"
12247,"N"
12248,"C"
12249,"R"
12250,"3"
12251,"a"
12252,"L"
12253,"n"
12254,"O"
12255,"l"
12256,"A"
12257,"O"
12258,"I"
12259,"e"
12260,"R"
12261,"O"
12262,"I"
12263,"D"
12264,"I"
12265,"O"
12266,"C"
12267,"E"
12268,"O"
12269,"o"
12270,"S"
12271,"O"
12272,"2"
12273,"T"
12274,"D"
12275,"O"
12276,"D"
12277,"I"
12278,"C"
12279,"1"
12280,"R"
12281,"E"
12282,"D"
12283,"E"
12284,"L"
12285,"I"
12286,"R"
12287,"E"
12288,"I"
12289,"e"
12290,"R"
12291,"a"
12292,"R"
12293,"A"
12294,"N"
12295,"N"
12296,"M"
12297,"R"
12298,"C"
12299,"E"
12300,"I"
12301,"N"
12302,"H"
12303,"O"
12304,"P"
12305,"R"
12306,"A"
12307,"O"
12308,"A"
12309,"r"
12310,"e"
12311,"A"
12312,"M"
12313,"D"
12314,"M"
12315,"A"
12316,"A"
12317,"D"
12318,"R"
12319,"o"
12320,"R"
12321,"C"
12322,"i"
12323,"e"
12324,"R"
12325,"A"
12326,"N"
12327,"T"
12328,"E"
12329,"I"
12330,"I"
12331,"D"
12332,"F"
12333,"F"
12334,"r"
12335,"O"
12336,"N"
12337,"O"
12338,"I"
12339,"7"
12340,"R"
12341,"R"
12342,"S"
12343,"T"
12344,"A"
12345,"r"
12346,"I"
12347,"O"
12348,"O"
12349,"A"
12350,"a"
12351,"S"
12352,"A"
12353,"E"
12354,"R"
12355,"n"
12356,"E"
12357,"E"
12358,"M"
12359,"A"
12360,"A"
12361,"I"
12362,"I"
12363,"V"
12364,"i"
12365,"P"
12366,"K"
12367,"H"
12368,"E"
12369,"I"
12370,"A"
12371,"O"
12372,"E"
12373,"D"
12374,"N"
12375,"E"
12376,"C"
12377,"N"
12378,"C"
12379,"0"
12380,"i"
12381,"A"
12382,"D"
12383,"O"
12384,"c"
12385,"A"
12386,"C"
12387,"t"
12388,"I"
12389,"U"
12390,"C"
12391,"I"
12392,"L"
12393,"r"
12394,"A"
12395,"R"
12396,"C"
12397,"T"
12398,"E"
12399,"R"
12400,"A"
12401,"E"
12402,"L"
12403,"I"
12404,"D"
12405,"A"
12406,"R"
12407,"E"
12408,"T"
12409,"L"
12410,"N"
12411,"O"
12412,"N"
12413,"T"
12414,"t"
12415,"a"
12416,"i"
12417,"I"
12418,"0"
12419,"7"
12420,"H"
12421,"D"
12422,"I"
12423,"R"
12424,"R"
12425,"E"
12426,"A"
12427,"R"
12428,"E"
12429,"O"
12430,"e"
12431,"A"
12432,"E"
12433,"A"
12434,"i"
12435,"E"
12436,"A"
12437,"A"
12438,"R"
12439,"a"
12440,"R"
12441,"R"
12442,"A"
12443,"I"
12444,"O"
12445,"A"
12446,"S"
12447,"I"
12448,"o"
12449,"L"
12450,"A"
12451,"A"
12452,"A"
12453,"E"
12454,"A"
12455,"C"
12456,"I"
12457,"I"
12458,"X"
12459,"I"
12460,"A"
12461,"S"
12462,"i"
12463,"T"
12464,"y"
12465,"E"
12466,"N"
12467,"e"
12468,"e"
12469,"N"
12470,"C"
12471,"T"
12472,"q"
12473,"S"
12474,"E"
12475,"I"
12476,"S"
12477,"I"
12478,"n"
12479,"E"
12480,"O"
12481,"A"
12482,"A"
12483,"L"
12484,"O"
12485,"N"
12486,"P"
12487,"A"
12488,"N"
12489,"A"
12490,"N"
12491,"S"
12492,"R"
12493,"A"
12494,"C"
12495,"C"
12496,"E"
12497,"T"
12498,"I"
12499,"O"
12500,"O"
12501,"A"
12502,"N"
12503,"M"
